key|data-a|data-b|validation
120945911|dactylioglyph|schappe|40224f08c33f6a52eefb5d4c3d3b7e3f267e78385fea6047e5e8a51e6b9ccee3
141936083|fiasco|chlorocruorin|3655a9a55392859f2be3135c2711acbbfb0f112133a8649b08dbbad6b4eaee58
232812733|solarist|unsack|b2f7fdd70d0b08c06658902b84153f1e448edd75e832f2ba154ad7b86b114d97
304248564|Paleman|anticathexis|19f3e626ee0a242a8f894cffe585336f805ac0b0e7d87f2cf485c4e3a964acf6
859647250|Aphroditeum|lagoon|2d287d5cde63d45022cd999b6d234576f29fd1236564a122c5a95d7bbb9f24b5
644100192|reincarnate|univalve|1dbbc958d28d4f0da48b4be61fe6dd75597e53174c0d6b00a8d354e613f56ee9
172808737|propulsity|doughmaker|43531be5d611524018cc8e3d241abc9084f0e2712e905c6331b7c9fcc954b259
159632043|Sphenophyllum|conventual|5fc66d02eac2090a4e64850c30f7a091c61f7e5b628c91bc43f634f855970d27
529041865|marinheiro|geogonical|025b762850855d2e791c73088060515f7d2e1dfefba70ededbf7179d4b4d59c1
500187933|lochia|microplakite|8c9baa9d10469163103614d1a0d29b4d4b62bd45cc54bde2223bfa113dbb70f1
997794208|thugdom|subaerially|55ad3c59931f27aa1c93bb7d585c47231a40c1b8526e51507b6485657e722d0a
506666766|Slavophobist|eumenid|ed530eb1669ae1591c6feea1d893cc2cd630165e8b190c567727a3eb11376c89
921282573|unorthodox|dunziekte|f4b081ffa14a3624fe02e4416e3b65e327c97630d41cd233213575b30ab66549
436699014|papagallo|unoperably|104354a79295472917ac795797205d81a56d2266421415b2e6fc3d409a7d7de3
743413450|gastritis|moonpath|e27798669fae0d24e1025ec487089ec25421bd3a867ef91b0f287437bf65ed4e
334878620|Episcopalianism|inhaul|20bf068dd398779fcbdbd1f083016b639953285d9a87d25eedaacdd602a5772c
263221980|Leonardesque|gerenuk|fef505f5dc1682de4bbdd6dbc0044e956e6d93e3fa31a286b8a49fe5516329c6
167303193|uncarded|Landmarker|12979c63a4d47c7188025ed85080f7ef907aa39deddb4433e5a3b4c08a8112af
484330123|indevoted|Turcize|279a70378c010296aaad96473f8a060b29d13265f0a6b4653342a548fc57175f
411886865|connivance|altimetry|33f744534a4d0417d1e3db7dd4ecf43d71df58402f2a983930f9a5d994f07d5d
335105609|perifolliculitis|varnsingite|4d738ed64edc3ce4f80b2848652028799dd4bd73c3a5e826c361eb048e4c2443
662700584|Flosculariidae|unintently|f93f0322feb7c65c67069638b55cc6ecfd703f1119f53d7c96c9d8a0aa15830a
983367677|scrotofemoral|climacus|d73a963b8f4659570ed6e43dae4852a2cd68a56b5437d07068e0a527f31aa392
656992008|Isopoda|heliotropian|aaf2a74290eb8daad086270ef1a66fc8bfdfd22540af8b96a738c2b7bd2f887d
801960716|pteroylglutamic|extortive|08d048b89a768b5e8710d295bef9be082798e7ed07a6e822f6b9cca7e8ca7d05
218923739|Mesvinian|elfinwood|296808e2424e19504eb45bdd5f1950a331c0a037beccad50cb8887de0f55d33b
493326187|anticrochet|arightly|9fb11245f403d1c7ddf62d04616c242c8a286b3db21f3185e57847e88b0f37c4
510210470|monamniotic|makeshiftness|fbbe80727e2be532f151cdc80f59df35ba5e9b192d7ca4fe68f382187a69495c
701766608|Jacob|orchestic|5d46615cfe70dd0711332aa5da1575b0e0fb6c0f1d499c1d0fbe1d8c52f6786e
872548186|doctrinary|anhydrate|3dbf904f8d7dbfe3ce26360eeefd23ffd6a5481b3e2bc71fc57748f795a211a1
138539405|drochuil|penwoman|3a41294165c1b793239e4ba72ad493d3e7f4df460cdee55e171e7a59b6570826
218753205|swashbuckle|periauricular|f1d85dd46dd31bc71b58d01830f14d1a51732b1858a63649590e329b88e639e1
624714486|telegraphical|apsychical|421bc898fa52bf7ee59751ad7b1cb9f5c8e3893d7808176ae62b342f2e5b8b65
894249209|prolabium|penneeck|e256781047b10cd8c926ebea83ac3683a936147a56393e941725160cc9a51462
917014527|citatory|Ranella|11e34af1dbc2630d72772e9118bffc49bf38ac4903aec1e62b6813b763363e84
324865341|centerer|holystone|5a58f060081f5b7b7468dcea3af244b7bfa281a3998b0e176faf6ef2648b610c
488736685|seemer|nonperformer|9caf6525c570bcd99628477fbb92a83f43d02c2a34a86ab2932e53f7ae689a0f
217067531|solvable|sonorific|6a17aae471157d780720f80b97f6d6d790e7d71533a10434674ecaa3feb5d526
219977178|Tarkalani|Celadon|25b88972033a61538b2e51d366fbfd1986aa9d1db3a8f906df4890bb6654e494
716973636|shipman|Seltzer|ffb1e43c41516479921f59ea489d6421dc9dcd632a9388feca02d6d1f11c7dbc
529405962|seigneuress|antitemperance|794ebfcb468b2b92928f03ab2f027db13d96d864bed43f1b08647f23c1b3f37d
766588044|amiss|labyrinthine|a9916af72755e00bee304d1281e6ccc8382db5cfdfdd1366f92b81c3424836b8
216321973|phytase|rockable|8ada6298cc18c7ee57172ea14653322bbf872d44c2fb97ac442ef3384091150c
560463778|tanniferous|lardite|8beff10a7842776e0b78e460514aea61fb58ae6b1de951f33caa251700fcd9ee
712730888|sportively|dynamitard|dcad3c9dc97cd1bf64c8672f09441f156411a4e01d3d07b23d3957abb60e35e2
342852947|unshadowable|hypopepsia|6eb917e37df89f256a5148c7570795d18ea45ac7a87d43c46c03643cb4eed781
108505772|violator|enthalpy|cb1e54867d777e50b08931a40ccad40e9524fa22dc35c9293f0a5ddbd3f48dff
998347179|slaky|floriculturally|002784d4a789268cf946073ffc68c80ecaba8ee43b6aca9de1630b5eab28b050
891096778|mongler|pothanger|e17ac25ef40142706486359af3d541b9f3672a121dd9738fb3ff710a6e2c9d79
686970281|scrofulosis|humboldtine|811e946ee9ed019704c663612d5fcc9a43b4a746ab1f96199583f286d294f730
545036343|borachio|rethaw|6a6a20ec34a96f2dae2513fb231b86fd9b7b9f3b133aff6218ca088c9304c475
351920331|periungual|popomastic|6fb7198bc6ca4d4b4111c5d02ce87df61cb5d8d2c8e7be02bcc51bbbd7a823c3
294246663|geobotanic|straint|594a3381a15d376a36bab4edc4848f6a390fd5e86990f9caf655d1dafac8517d
540232353|Monarda|industrialist|87ccec0d468a372de95c731e9033337b776d85d762df0d1f62c54bf1ed3c7cea
515191332|Gordioidea|Chiriana|02374cd7e8be36f77751a2586b78ca50c3c747b693c6a565d148e38a577a4956
278334363|ology|naphtholsulphonic|740bf4a0f064714755fc4142a87e5259bebe312524ce4dad4c0b7801bc372861
858898383|Apodidae|rebab|70c7c88b043ad7b796f16d5d6f2c30819d4f1c08b55e3fd8cf2839ca3a4ecbba
630436464|panmnesia|theogonism|256299d53d2bbd6584037ad7aec1491aa3f6056fc86bbe682fee13cb418c85e6
800391943|delacrimation|displeasurable|f720c28a17e110215c79bb6c2b5455ae4b0f168d6f17f00a80d4dbd5b5895167
440390463|sooter|subsizar|8f438665b2b701e1f70bc072c756bf500d969b9e36ffe64968bec01b1e2cf2cd
915439388|anchusine|endotheliomyxoma|243febfac2bc51f9eabe897df32ccaaca584fecffd9450b9c2f668b7502156cf
731352644|indisposed|korakan|43c3d08463f5221437e4923eed783302a7dbafb6e54989f6f1fb7111d2969ae9
824773043|osteomanty|massager|b5485424cf7425986072482040536cc68088c8f0e86198d6d007f196f3c23e04
733737601|Scabiosa|Rind|4091ed8052af97bee2da8ddc9cd4d7ea9ff851882f367bc46954d5146b2b8cba
893165594|importune|gastrothecal|8908b89537d583e748fd67976fdc17f2889f5a54e8738c5cd7a69256a79e33fd
196935637|completely|unguileful|a7e9a12278a2049363e135050fca5190e4791f456f9852ce7a2f9a6e29299418
745957306|verbenaceous|unpretendingly|ff7f6ab08b7d641709f2c763051f8af9063c41d2771d726212b821c8f0c24353
985098652|polylithic|banns|3058f7206cdf3d73d5f874aa48b49838b3ebde516597e415827a51d3f7bb7d1b
540760847|ratty|regimentation|4ee27f7da05bc2e2b9fb71fffe643e8fb300488069ef7bac7d5026bfaf6d006b
168454702|knobweed|Kling|d96839d11d3c2de636151510da39df3cb7867282599a4d986900734440e02ae5
575729602|Sterna|qualminess|3a052b273a664c4fa2b677203215a71f95137c0e6f1473289960abef3f274ad3
285596322|shedder|unnotable|87e894b627c47b8d68b0172555c8946223a13c656eb030b57412ccc1252e7901
279442385|homotaxial|tetrazolium|f8ad673b1c760db9f59f54cba5e7157216cad88199d4600c06821d31652b0033
345265824|vibrate|benchful|d37c4b7d5994cdd57b4ba6507d9e49ec3c6e5fcb337ccfd5c54b20f77398e99a
542778238|prewitness|Dreyfusism|598ec1f05dc60e1dd6f0e26af8f674fccc352b83791597adf5308f4725fb9497
592447764|overcross|railroad|0fe8519e35d83c296d4bef7f9ad312154174d010c27b4bcb936fa63d853d7a0a
122934689|surface|Caraguata|407c764a47fcd5f164deaad8fcea8ee122494f9ae2d5ae164aba0b0970bec28f
758023002|prelegend|acrostichic|1d3fdd8ddae4168c4ed180945b1f13bc77a77650fce5ef57502c755fe4688103
861761017|reputable|Lemna|58a3bd90783291369b2e8ae92be2b014023069ded573033383c8d6ab81f1e74f
236825935|Midwesterner|mesic|5f0bed4d4d586d2c3a011f168fbb4efbd647d80ec996a3baf3f86d0bb4e13bdb
513828883|clashy|foreignize|9fe73f7b607e0b4c2b54f6b9b2634d15044b423cff4028b00c69e6b6cd452d36
581589295|boniness|pustulation|de4a2e33b067c87faeb0ae8ece9fe4df1b46c2d68bd4ca8d96ecf0240ceb36cb
722267213|Brachioganoidei|unsounded|49b6fe177cd3b4d987454fd71a0287d3c3d5b2ff43abf7012e82714ecf4dc456
874160633|vaginant|Sui|d784cc2832ab5b448d9c0afe74c2465f93ffe24cb39826b8a6ae317c762d8dd1
312386065|nectocalyx|newspapery|3dca5d253c204d162a0ad2c0881b2b3ef156cc48c343591e0040299a106594ea
541110140|phronesis|Myxinidae|fd58e2c4a1f673aeea188dfc7a9fdd6c254fe89cc936525f0f19134a0083b8d0
493341059|heterothallic|undisturbable|a9fd7bb4dbe547ed923949e2b231c84ce72304c04650492f16c6aa73b1476619
159876691|twisty|brachygnathia|0006124e1fd1f45428061ae0f43f879fbea880d641532a160cc7bdf1748c6ec1
576360022|acidulous|Criophoros|3ccf50cbfc57f0846f76d68e69fd38b54b3cf60dc9c286a259f1865ed5006cfc
347478092|anthropolater|cacodaemonic|35ac90a53116275f84803fa54b145618e17c39288d30f40ee1a7d405f88d1fad
902629163|transpository|overcopiousness|bf45b94f69f19862089e12e282fc1d84b3c0a1f9b3d56420c218ee3fa163ae8f
865643073|androl|Jassidae|799e0094b765c2c567b109b6813215214274e265759ebcec0887091fe495d83e
615810125|praxinoscope|Karyolysus|87680f14e8a1f7568a4194d32c2ffdc0b2b752eced31e816dd671f15b9ba29ad
331477968|pericaecitis|sided|7aa28db4f7017d5b6e45de7a033371c18f6834b8da5d94d7e5e900ae916794c3
630471436|Ernst|avidly|bd170025478ed738a1db153523bf1b279d73a215831ce57cafd7cbffc9ce7398
649456776|solifuge|carneous|2520c209d5e8059271d7fd43d7cab7f4b1e13842df3617568cc6caf01098a573
943361080|emphyteuta|agonothete|7cddf4a930aaa8f6db21affa7422c8c4338a1827312e34ba222c92d51ae6b755
196179587|harmful|hypophrygian|2741b81c2202514012822ccfd58dd8dfab41f13796fcf5c060b2c4dbb5984b4c
185072016|caliphship|outyard|be9021ea1d2f51e6b3b3234ae4200a51dcbe23b3d9159789659a5fda6f1e8c06
204799674|rosewort|floodage|2c55a751b68657a3015ec5259e99b9b8420d135a71126ac320802d6372c11459
638995007|Vincent|ungainlike|aa3dec885919ad8b9f0a788b1c1514bea57f33d8dc02cbbd313b5924586a104a
831384900|vaultlike|possessoriness|6c8e2a3b9c9365514c856a3f5311a9d8418d56b58ceac9cb26ca65b051672d72
170484234|syndesmectopia|alchemistical|eec3a24cce14aa51f5a39f87e43323d95f56c36689ca617510b606a186fa9754
581292770|Sulaib|shraf|771ff4e74a45470c9a6cba6d163c817eaa1eeb9de78e9b9e689e75c0f827faac
977465806|Francois|predoom|69eca22c544b2c42082dd26e921d711185176b21d327f44e8ec3ef99d3b43096
212722519|pericarp|meroplankton|0537be08fc3ea21d72e444209afef8c43fdef9607de1df2fb50b5d5e572dccbd
636544414|Cortinarius|cartridge|5567024ff81c73bd6a3a08744b28ef7c300a1b84a25d5f9710fa43db0f6682fd
453110675|catastaltic|nicolo|8397ea265a26e4260d30210abbb6a3e113ae2b5ce0627622570fd21866cfe7f9
324722161|jacutinga|Tishri|0a249125d34b71446f1edfef09ae43a5557e6ca37c1cd207f9370b9f4b9077ad
747781149|turbination|outword|250a93e9d08d2d72c90d7b0bfb5404ff2e84bef8c05589a49d09a80d1f1fdae6
404703040|Gunneraceae|roer|c800044b18dd1208fc40fbd6bee46b03be4f0c09bbdc4727cd8f7d3e5bb64042
706576242|Kinch|corse|f4af52b4ae638eea5b59fd138fe0236e1e6e57025dd58c4ae311bd74b87f4e07
409164057|jointly|varicellar|8fc4d9653272ed23fb4ecb94406a77944ae85acbe2788d33b8cdae4d3274cff7
788358667|endothelia|oestriol|afa60e439544358303d8ecfff681a2094fa34f1c7dc92efdb469d67fb816b99e
213742507|bacillary|ministrator|beaa0a2a4aca424cb3d7a50aadba2aa764bb120ea89f2c5518fafa93c679b785
648033688|rosorial|chasteness|917b093990dfeee864f353d477d8309bb2645f8625639c6d0df6132c4a5e99b9
522739983|shaved|crance|9973a0e362c12e124766c41e8246d75a24e76af28ccf74f679485914a22dd75a
485614290|fordy|unrecommendable|bcdef6a790d652cfbbc9b1b134199675d3a1f34853f09459d5ace71c609f329d
916322669|bloodthirstily|benzonitrol|170ec51e0bf121d42217411db281ad8443d5fe1baf16df5055ee95408a3d20ec
245018992|unrig|Ecclesiastes|3170b8d0adc836880e545dc13b0db13a331776be43fc4d1860c7416c431b2d0f
103734862|rubblework|pimpliness|9e6e429bac735dcb5888a39dfa743b340da463b6bb8bda8fe27a267cd7819265
856474130|calycanthemy|Tylerize|59a2c13aaa3d4ad7083b51e5c9b531b8b57cba049a4f8b227356640ea1787126
540422172|recreancy|pseudomery|1052faa1aefc04857650b5145900b65a756305531672d0ab1d561b55e5b90d42
778074101|subdeaconate|writership|9d1f5dd9db4eaaf04402baf979cde1637395380da3ece77d0e4537cc7d48a707
675271453|synosteology|mannishly|ceedfbb01cddbd61f74186081c80a89df0ac8c442e72c015251c2878e7514fe4
621015541|worldful|myocarditic|6271026d777bcfef614378fd53779f673f4eeb44a3d7112efe57bed6585e05db
116924484|telecryptograph|scaldy|d282183ba648bd1475333636cbabd7384516dde34c561fdcb7fa0767389b50c9
665952112|wird|unrioted|306a55093aa6ef990174163db6f18587fe06f2ee028b245b0151e01965298861
572307867|squalor|Mikey|75bec989d35d5f233d696a2d1986b58b24770ec4df3cee2572c4cf5e0a40bae3
126613067|unsettledness|mesoxalyl|be20df90a804c575e0dc1e8ea12b915aab98068a09556501c96515b5973c210d
294632876|dietotherapeutics|postmandibular|795e80569e3a02c99df923870799d7e80e6172a6f09a4c3c43e5c6a37373ba3e
115865072|semicommercial|unbeclouded|e0f8ac017966385af9581dd7ac3aaa0a74a334121bf4bb4a9075f7ff0b139937
695337017|horoscope|nanosoma|9d3c6f319c01ecedb6e1f01bd9a680dc939210d5cbb4bc43cafd6a2541a55780
499488385|reweave|probeable|e833a4687ddbf10936ff62340f88b1c63717b6e39192e5f2965ca768f571d5ee
204953239|scabious|defedation|21d69bb3ed60ecfe83470e57eb7a3e52f218bb7851534a24a25bedb9f48c0a24
794818972|dividing|vulcanizable|001fc57233e7ed14a55d539035e534637e145ef29ad2aa3ddb84cb73054e8ffa
875141449|departmentalize|tetrachord|fe3e42d76e4c0204941060c3a64c1db8cdc8bffcc9bc7a303f9f3b7dd9f7bf15
922191365|unrecommendable|ungentle|5f0a9d1709fa497599dca1fd8f46070536c3cc185778ae697ee310a2b8e48707
936547144|avirulent|Calendula|6d7619e66d71f395952ec0091aace878c17bdd5db40e329e159fae6826943f76
975844171|sulfophthalein|rescissible|264366fdbe96650c793db84547ed0198b24a8fd090007d411a67a4e8dfae17c0
335811897|geniality|nonclotting|7c18537fd2c2eb65943b26363cb28e50704b1e45a2fe54989a5aa4647dc914b1
632126245|telegrapheme|azoflavine|d1843d5b323d72572a7e07c011812466355a479ee1a1225dcb11afa387c85024
941287801|greenage|separationism|363d066f7925dac4d90593610c0104b99d0cd3358e78547905d7b3b222928508
221914793|Sadalmelik|Fridila|b05264ef4bc23b766c641781426fff5911f0096eed1aefa0c976baef1ab7a8e2
658561134|molave|microphage|329d4d95c0a99d22c7ba174b43c9c687c7cc0250733cca0ad540fec5b5950af0
815309378|ephippial|bluewing|2ff0af3035fdb0645508eaecff81d81015e7fe8406d49d3c10a69bc5b24ec45f
398850681|laconicalness|senary|4420ce2f438f3dec4f11c5a328394b18b20f6eb61835851c42b8a95dc4ea3f72
562891099|binaphthyl|metaclase|95eb1a70044dc4919b8418e7a16981ade8b863ee7ded2feb3e1244fde954a339
972191438|roentgenometer|opinionativeness|52c389fe761c65a36d592e3b37a46a492fd935672bd63cc1143479556b2e46d0
530695230|notan|vantage|65d258d2c44c1c13f8d0187e51889e0b95f3555988ed441e63e422ef68795d6c
450218902|Juneflower|bannerol|49894cb9e5ac4288bcf7178760e4c94a3b3083bc99c48750a089ac983e495cd0
313940803|geophysics|displicency|3ceb9fbda0ddeff83e912e9a9dbae057557ef9c364c011ccc9f46ac615597456
700153212|lifework|reread|0dcf56bc9c4341c3cf1b0eb3276e13ec9b690b4ce04d67dcd69b4c6611f62314
973678395|Didelphidae|elytrin|5ac21328bfd55ddb771f13c271a5893818e862e117dac35a6fb755d6d588eaf1
618840344|whitefish|biarticulate|7f2e464758b849ad94727f6cc71614005be67a2184d0cfd081aa438ad482a64f
128831507|nosewards|cicatricial|24c0d00212f87adea81e009762aff98804066171c1c7bcbd5548c68cebd71caf
460842375|endomorphism|Conjugatae|5ac462cda6ac38e71842dc3e3d49a3a6edde92ded80e0e89c1c23b4e6432d5b0
442810798|cocoa|submerse|6c2179d105794b0427cf67cd8cb31e31f2613757b4b6ffe5d13cf068b8698f18
173125089|uncongratulating|spiculiferous|70abbd25612d7a18ad8e9180383627bb4e8f2d135a5367267ab8dba3b4557299
736117754|phlegmatic|hyracodont|29ee17e72078ad4152cf9f787650e0789e63053effc4a27db2d81eb8485db4bd
453013080|transelementation|unmeriting|ee5f4b42a51f1b4d516cba6ddb7009fc2d1e9f8b70392a77b57f4c23010f388a
447809903|hippoboscid|geographize|c9dce5e8d22d2a992a65335190956bb6bddf6ce34ec6a9f9d64d76e22e88ae25
250230974|psilanthropism|papyrologist|d4a3ec65172b91be7a4047d896d6b5f52b144be0f67ea5286c3675c422effb9b
445777890|counterapse|sowle|ef4e6d727990c9a096fd9c7b7ffc1b775ffdb72ccaf36832081e5b3a4f2f9682
762454219|mucoid|overcapitalization|c347b0c8ef4652ee62f564019d8f15b11f6da5c6a08119c265d4618c3e3fdc2b
405203881|loxodromically|Pilatian|1d5cc22135282b15f87a278c1db5dd1dbc25e6e50f4e3093705180b66b909b13
281847840|keel|extramarginal|96780e15dda3e7ef36709360a2a16e1828be89d5bf199287cc1bf0f2fbc24a7b
985818672|pseudoseptate|nightstool|f9a8cca8b66a3aff9d5d7c4b0596c2baa730273cf66c4419608373c53ec3eb7c
655818626|endomysial|arras|193c3f42878235aa5c989470dd7d3f9283f3dab59f6b74c7c191985561951311
293603646|jugful|monsignor|2b850e13b98f0fc43758cd955f3ccf0e43554172e1955e7829089fda83a359d9
671417968|crampet|walt|5fce0288c02a0aae0e4790b8b0cad95e8b6f93acabbb1e31dd94e22e04a42cf7
638828014|unaudible|persnickety|bc2027336d9e75ccaa2e948a53d2832e6b45b843af4719688bfacb81a55dbeb5
724283740|phenobarbital|brither|9afb8ab1a145b2388fa680dc39b37d4689e53a44addec67b3272c3a97a14b646
973628628|thuggeeism|solarium|eed154b4209cfc63b2cc0b398fb81a5bce3b41a842ea9663677df1cad796e087
493004611|threatproof|Canuck|c381e79ce9350f2535f3b447bf22951d78686ffd09938f0c15e1026017eba32b
155433654|corollary|fairily|0d3bf89fc6858a1636421e44ca837df6eac0778242275539c68829cf5016a162
604242429|ungainable|misobserve|61ea689392be3f1d0adaaa61129483b162ad16618a1c0654d27675aab5a62271
481415765|dishorn|diamb|1f1c1f56f9e135dfa4fc67119f162abd050fa814468ed700470e4bcfd1225f51
774250714|persuasible|unrevenued|ade8b416bfa021fcd15dba97af3bbbfc163f9c97ba95b366bf5389c4eafc52ac
140028594|arsenophagy|topiarian|d4ca135fbd57345858b4f2b4f718837e093cb80afa0a7127a8d3831d51d71a81
569848065|resummon|lordosis|53313678ee37dd85a240ea52ee84b8a6f33d1177058a3fc620cee3068375239e
749824009|petition|septemvious|434c13b07fce2d2d181677404cb81bfa30b28e658e52e29281ca285e09a3ea31
242479121|azogrenadine|snop|0e92509fda6e2afe61ea6566665aba58a7db535afa653ea27a12065f47d05240
359673942|unconjured|subintestinal|e8b229c374ef52ace40fcdfe01faab0638c609287568d76c076084e8f3fd4989
616470353|Olof|trochalopodous|837ac84768a70d338ac4e4ee3b6f341802905c26909ebf0d503e43ea82cdf872
434309791|Sundayfied|strenuously|0714d9fc61c2fe8ee73e21a8d3c032b3cfc47b75ede602102765d51542d590cc
280770632|levelheaded|dadenhudd|0b376d3f12355d2670621858c135875ebeb72798af468609b34ab312ed41e6b1
489890785|phytolaccaceous|viscously|378531cea3701a2fc41235ef22589ca7a3c73b42668912159322a3b6d05a9d8e
863964231|collage|unreckingness|47ea9cf46e705a65368fc6879d465fc4f61f0425224dc4f7f5097c46b00c215d
613928855|unpaid|dispondaic|2a89734be23ee3304d39f81dd171ff8c41d3281a9f392d082c0576c9a0469323
596325617|hypoid|scandalmonging|4bcad1dc3a576e5bac51458d41006bd8f707f8b49dd15a803d627afb02f22a5d
345637974|cyclopean|soullike|a405a131b880260e3859c3ba36e1a301851764653c55efa9be953a2e257f41b9
433529544|overrunner|Madegassy|59129000fbfa0af1c06f2656df598c31ad23412d28982dc0933debf7dd167cae
204231401|spermatoxin|Ricky|56eabe537b8a1c60faccf552e7af1d6c7e29910169f3fd930d95400fdaf88935
882515002|workpiece|prefiguratively|890b92e9beae7162f919439dfb55080701508a429709cadcdfcd44946a15a815
596742004|probusiness|diagometer|f6c17d954ca7eefa64f5186c6eb8ee0355b8cfb2bf8ec7ffaf7470522d69db5a
795275184|orderable|sapo|75d7b490fd5ae32c437a3b784de7e4a4e7d8069b24ee2d1d2a3657bb17a0d410
579662166|commensality|chorometry|52685ed8b84711078700e3a5c44a506e5e1b10a8f4c8bfb425344b8c4027ee74
975749159|myosinogen|concubinehood|aae629b757ee04d819d6b0493ae91d0a4f90c91180f6a10832757122c6b3393f
108485280|abdat|Orpheist|f52534c75fb7c8cc7a8da3b1d2262412780627954c58df3faade0f9b91feddeb
486095418|unscalableness|sourbread|adbde4d426275c4bb380a8049bb1df1109eb8b6e1551e8bf84b3593071815f34
485297806|besmoke|lowmen|78de741c5ee3f468331624d0696054a5a5065b15065560da32cec2e58d62f146
106148386|sportful|proplasm|5308f584f1f1d67f41425418c2490318f9b804dc56ae2c78927082193517a615
190779999|scrike|intramural|60a6c09b51a92c54d11bcba68a969c17f88658d347a59006b91f56ddb4e703df
394544161|forecast|descant|a784d98ee9cf43c1d5503f0e9aa6f5403d9ab5b79d2c1d79f88fa9265812210b
454622884|halfheartedness|ulsterette|c2f1dca126f1769c92eb55a687729ac32f20bd139ec53f34c7301af9e06db4d5
644609269|springmaking|underthing|ede46189328a434241db8b727cf3435ec248e0850e66db435652d26925d0664b
879888506|polymicrobial|preally|02def3f9a8322771f6ba6438eb58d2f0eac7344f7676d35b24abc9c5001d032e
942918159|phytographic|solecizer|7b27dcb34d9d725b5db2dc3c3aae8eaa36aee15c76ea8367418bcc5285bb1fb2
164717159|waymark|nonmanifest|665ca039e6088220d286e9c60521d7966875169926924e9bb9ef19b9350602d4
628453501|asidehand|gammerel|f0ef358cd482026048b083794951285a81c11b040be66ef309d20eba43059330
687408984|shaitan|appeaser|427cbb45dbea4ef29bf053799f37bf02d90aa1872efc9b991669cc60aa29d939
863770973|stereotactic|teterrimous|f4878e663e9be509c94ee1ceeccf41eb895edda74e6c8fe4278166ddefa760f3
888133719|Moldavian|Median|be8deaa881384832caf650f12b0989517f2553733f8d4434987bb05700d47b10
428329048|Tarsiidae|solicitor|3a5ebe4233a383662fee319eacc16b9d6298b45987a117daf2aedac45d6b86ea
744419490|carnelian|restfulness|1f45d8723f1d8b2eb69f34dfc4eca7363eabcfd657496122bf4af650453027d8
164950099|stenochoria|hypotenusal|b2a5416a6109e18af662705dc3296f49f8bb41f3f8cc8b10041bfe835c87261f
499321119|interwhistle|quadrupedantic|20cf317a9d543c1abefe56c225b3797eda29517bfe7835992a3388eba07dfe54
168939095|tetrandrian|needle|52c91a9f06edbf6ad8d79db71359982d3a8f6491b816ae272a632b5b8de0f32e
492437678|intrusively|demifarthing|12202e79a138fb9d66b2af84a17f57eab0dacd2459c4851194a4135a4156fe50
520568977|iridoceratitic|uncontinent|3ced04e486c8ee0a9ed6702484d20014b113bacb8744918baad9384802124a8f
546879274|microseismometer|zincography|e8f4a04691aa81e7c38ef6efd9b8480efa09e20fb059d0a029a19d043cb894b3
274836574|holism|antipeptone|1598f6192ae1c69ddc4e71153c325556a51535b100b5db03a86ff6768df5ec99
308346575|platanaceous|millpost|f704cfe2fa84205ceb74647f3bdca7d34973ec3ad43bb8d79d35a359f1d12e31
521034088|graciosity|winterize|0c8e549971d364e8df5e8d9b03a8f4a7c7d3cf16bef4fe31bf3e3a7d5c9d74c4
290576144|nonterminating|trikerion|3ef7de3c42f80608fa721c9d522800cb01c2c46f860f9c2770f175df4a780515
103341327|unsignificantly|unlaborious|0a0e1cb2cf8041a9361afc7db21b3ded511f5d8985269189ca4aeab82e6a4af2
916598650|wer|cryptophthalmos|1fee471bda8fd833f98c329296d50c9dfacd3a5f0a2f259e8ab7137ad64f2ee7
202549944|Pacaguara|mends|cd6819a9c972608744237ac224fa1eb3b0d4ed5680ed802b40ab2eedad255b80
570045465|oxalate|stigmeology|b9b8576ede0cbbc95dceb3ba871a687c8949820d7bc1b5a4c1720450142ef054
494048050|overdose|wreathwise|8548f4b09cfa52a9bf0800dffb3bcf53839616df78f96bd27cba7f6be9dbcb1e
653467912|schismic|powderer|9795a1ad1e3bdb309a03efe52b2b1cdabcbecfa5c1d7221d3c9115e72c82765b
810133237|route|pythogenetic|9cfd208e0a1350b72a6d0205a677a1ea09d31975194af848166dcc5038488143
233332504|Comtism|contextural|e9052e2c6075157f3f8fc2538f77c69a077936fe24bea29a3ba523d4d545217c
797608223|kathenotheism|interoffice|ecca6fbfda104019588aac0482fbf66e730eb972348bb937da6e25de6746fe22
795243711|Lauraceae|metaxite|9525e5323d1256e0569ee5bd69f63a6f5ffc1c67eb2642ec164a925917bf346d
777320081|beeswinged|unsheathe|c4d5d671a9b2bb8869d2736eaa89fd67f66444ccbe366c950719d69c1f0bf0f8
102764511|gibingly|grocerdom|d92911ea932b8216d29fde5314fa9fdbb425696d156341b2062e3cf8184606e0
955968577|exocardiac|hyaloandesite|b2073db84584b00b7323d6d733c426edf3f631712c224b6130d1a068e689b14e
630746592|azygobranchiate|reputeless|fd0318a872cd2005bd81d3a410b56031f9cdc673fe68fca0860d89008cd2fe2e
785303034|hydroplane|carnotite|0797329a2648fdc69ae34a9aab184979dc3741116bcf37ed0c85a8b6947e323c
503368848|deciduoma|untimeliness|c98b582555fc635a653a9708901b255f00acddb545bf93cea67282de900ec652
407386339|unoriginate|adroit|a41f6636d612eba2727e07c2f0e513e90975ae77c33c91f1a9a9596fd988ef5c
978195044|noninterrupted|micropathological|3afb316ae4aaaabbfef7760b407f2d08659a4a7fc54ced69decce96719b5f0f4
750857427|Rosaceae|ural|1f258a61875438856fbd74a0d7c1aa3a5710a7ac8bc3672720049d2788d73cc8
584231046|tableity|zygotomere|406c9865b6ac1970318da173dbad1e60424a6d50c3831c514f4d2d9beae35e6f
221306991|karch|uncoined|6ed0aacea506cce7bd63690223ea60a389382c9095e334923e0f94328fb7130f
416302096|caudle|expedience|6676f8283d150a13f19f353aa41d76cbe0d66de0d911c1d19150ce720fc171d0
449252328|orant|Pyxidanthera|0d1bbc3eff72d72a2e2014495e310f0da35d89c2e860fa74eb166bd09720fe3b
326391917|impunibly|garance|6696a71bc29db5cbdbc28910ce9fd846d4854c88a4d46a3689d3af234bae47a6
965688275|prologizer|introinflection|61019dfc9c2ce9706598b514c59ddfd6f9561c9cde04f67602a560c2dd993f95
333007899|deploy|germin|ed16ed16fcc8c1a3d27a84da4d388cb0d909d91351f8cf367178dfe51299b1dc
585015221|ado|patriotically|816d1718cea40c6911dcf322a766eb65f01bc1540201de6d0e689bf3f2712337
410312333|sheepmaster|solecism|5b79d421355cb0ba9a2127222a07bf115f5738496fd3712fbd19063df4fef92e
301524007|disintegrate|compole|b67a7e3761a648c10b09b0ce04b15dc2f77a7de381ad04ab9b1f1b992809d893
240220167|renownless|mud|7cad5e15c994febf45f8cf2576bedbc87374b9e673654531f23d9282a1e67b2f
411341230|inseparable|lobellated|a9a3ec6f37e1c558a1bf2a9f750f2a94b3b985f8062128ea3a40bcd615d430f9
506506045|Theocritan|craniopagus|ac3475922403cd19dfe39b58c49edc36aa5f5e9a6e2839a268b386a97f535acc
295010244|listable|dialer|59683e95f7f8014b81a14131b7e7e6c30eb8ae0bdcb2221765b6c50d64954ad8
478220833|mesothoracotheca|erecter|c7f8b87252438ca4086419a51a365c6a19e428906883678e2e990213f301340d
359425075|anisomyodous|charpoy|cdac2a31217c63a72358a92b0173ea7544b9fa8a2567bf7dc0ddb2060d5b6d39
536939452|saccharide|pelter|485ec1e61d71ee9f43dcfc80c9a41df378085331b482114374653c2ec2368fc5
825919077|underpuke|Indologist|ff4599dd285c95523ad635212f0eca4ec08414c07895720e0f2e1914ac732456
745306934|unpummeled|uneffigiated|e4cb817266e907c57b42035b366aaab67f2a72c9c611e82a04636ee3184baae5
411203778|nonsubject|interventive|83338de358a106ddeabfb42e5a5185ee26069fa4c28b3985744e5379b08729c6
931603193|afterclap|hypophyse|d9f6b2c73ec4438e6670fb4f7fde66e1fd69bc126b333bdf6fa81b0314eb4862
667330570|wilding|myriosporous|b8e052ca43758e0820e514eed8e8c414e13eb51aab98573d982a1aefb6a7e8df
184588234|pasquinade|justiciaryship|4caa740ed0af3f9ff3edf2f2bdce94839c3b968ae9ce00034d1689e6b695b3b9
292418064|nonrevolting|hermeneutics|14056684002ae07149566ab7f847a9a1f5d1b02e86dbb7832e185a4e86031790
443433135|acetize|Megalensian|94187fa3eded059cf77a39fc835c2bb951f0cdd66cc23e33ce565eec98af9625
828106383|ataxinomic|Embioptera|81b09dfbb008a6c7a8a6354f0ae228fdf30ff44028f0e7b95094ad25eb0d25b9
526877317|tabler|duopod|8b6a9ab81791f470f284853af142c6c6ff18830f8c1334e13311e7805b67ce28
918345725|protravel|orchid|0f63c481aa02ab4ead2fefcefb1ee679fc73e164ff97b92f6966b76603bc1747
187133289|pharisaically|quabird|b7e02546e4f239fdd3a6e31dec8cf8556b6f9ae65568b2f307c4de823cf009d7
466200103|Chol|quartic|dd7232c873f5afe125ab2953f955451652e826d8fc8ba0475a65ea00da6957bb
616475126|hypothermy|Gabriella|9dfe5e5327d6b95550142c6ac11904cc6c17dd313738aafb3150bfd4319f3450
993927335|shadowing|trivalence|6c28076e173caac8bec804a6bb0b6566ec268f7d9fa8b7460f55af721497ae98
191028264|cardecu|Emery|b0ff45fe7b4b571bcdc8e8495baac9c8aa31efd2db4b28d20bb67348fa7167d6
473431949|exterminatrix|synthesizer|f01ad8bdbebe05d86c82bdde171362cf63847d86ea224f970c076dea96c830dc
526832250|undeified|bullwhip|a46349222f0782d113bcfa6d95fcf7a4681ed458dde6497b737a3ca18925d61b
465267261|cytosome|lacelike|7f7cefd75a854f80156caecb6b53deeab4b16ac83d1c8588179253df751f30ef
934948070|travelable|Scorpii|9cc8dd25f8fb24f4b45bc84df63bf8bd581a02a1881a282c3b71b9eba078599b
796064987|metaphonical|spinosely|7f2fad20c8a5bd72b68aa9a6391cd5b82b896c2fc7fa5cc3f031e934a4706919
272112229|thyroarytenoid|insured|368b19a436fa9d6ea10e2e9cb85ae3de547d54ac427a561cce5d0628558767c1
277337150|tonetics|prosuffrage|21deec943deec213bc77c1c71aabef92b25ff2c9dd562e730ec7577b8bf2c640
336392350|nontrunked|traditionarily|37c816374bec336160cddbb9e58d994542db9f7b07bfb0d171eff320de9b3c59
449092506|quartodecimanism|subduple|a461c193a4a60c9c0885ba29ddd1abef724c1fbaa8cf284871677eab9f0b685d
981273060|lepidophyte|cosubject|9fa02a28bde993a0db938e0d7a0ade8370e43c0ce0766ebc8da69c1d620ccfe9
273179809|basto|inspirationist|bf32f00d98f841b4f10f217ce1e06327dae2e03e9fb233fcfbb4437c88c3897e
288359780|chirotherian|wildishly|5240deee697f53ddce4ffcc3d4a7dd855b13bb8270b0a2124c69a6b26f854f04
686907597|amphitropal|nonoppressive|01a8ef2cacd93cef615f2f073c11dd3914f237f72565ccaf3d4b8e5b7f496fcb
664639400|fraternism|cryostat|629d159abba8fd93cc8fc681cdeaec16b00b8e22e5d51cc3000143ef06cb79ce
191967820|rabbitweed|thrummers|0b38a5e36ca2666baef03afd00fe9449bdf5f8e7becdf7a7458755708cf5ad6d
239468085|Australianize|fallaciousness|de4e40d6150eddb72fe7fb6f5e36ed0d06e3487016c58d67706247c6548a7ce8
224118761|Nicenist|unclutchable|0104fe2e44ed229725c41ef1cb71dc7509acacf5e420b7742fcf38451e990c1f
237318062|animalculae|acraldehyde|61258976a780eaa175498d71b304a539d32545b6d706c7812e1ec3edbff8d2e0
608595231|nob|schistothorax|690f45e4c0e9a8c63240c176f6b11ec0b008859b2c6ad90339753fde853a7ff7
633490628|creammaking|reedbuck|577cd612074145da2dcd8c2f5f26b1f0b419cfd868edf873cdde2e2a6147c71c
299510030|Trimeresurus|parenchym|44f54405dd3dc8fe78acc917170d430fdde1d871c6cf130f6b09e05253a9e879
333332952|platitudinal|peperine|0e210752c4df2a6ab34140f942043150eb041be3b5d93c218a2e9864d3b999f2
167640623|messman|unpulped|57747098f802a1f8b0f8111dfec417a989ab0f81857522d5923c95c29ef509ca
840007714|Clyde|linguidental|5cc9e02f2748803f57f77072a2c4a5e880eab5566cb97a3136df256183355f79
407084794|furriness|goosenecked|fccc167f90bd01109a17b94a040e49498b0766c123b3a39820d1ffd42b7d137b
912303011|sensationalize|Myxomycetales|d34ae07cca477565c93655481327481dd1d6f9206a124b9815c62c90488b78a8
174949516|expressive|auriculotemporal|bfc9d9b701e2422c184d4ad58dcc1ceabca8f691518d04b623f6ac7fc8d6773a
478895178|forenotion|snakeweed|8169c6876434e8df9efdecd7f6925e645502b08164123accf6211232a558b4d1
704019850|negationalist|ostension|d8b7e387b379cabc95866d974d620400a26dd9e581672b2d07fdeca21cdd1aad
592467747|riva|infallibilism|1459ff59a7c05e1c699cea81adfef525ef5ddd04ab92fd0f70ce00160118587d
839493328|choiceness|blowspray|d43a88ef13718bb6104ccaa28af593d1caf0fb90c97f9fd1088f4eb7d5d05932
582626083|ailuroid|anaphrodisiac|2baa6d151b71c2aedd0a63d8175d9a4a49f0c0caa38a71373915a262c19aa7bd
106176395|aljoba|fucoidal|8cbeff71edc3bc1819bd2614a087541e20e77520ff00aa5a5348b2b0b03c7ec6
322057564|unrevocably|intelligibly|bcc7c502436c37d97660cab8b43f1783c392fe2e7a15f0f5ebc2c33be77ac4b9
682081499|frim|stirringly|48fd4da642ca099c0ecd3a5278681b36eb1f47cd899bbbfb894f56f77f1e2b50
262944154|sodioaurous|endoauscultation|b9ba21929ea2d1757e8d8947f127be58d1d80ad83b494582b37e83375438b733
245072157|induction|hoveringly|6146c052fc1b9f1e97ec4087bd44ef10b41c7d74c34ec84795b3d65523a0a153
617845449|rawishness|wowserian|5450e6b3e9d146f179fa7e4894fdfd1a06973d58eb9abcecd8c3e5325f819f55
848266317|windowlet|alluviate|519ccdc6ed504a602e4883a7ba917425ce83229f2fa271a5c25ed9786f85654e
625502768|poucey|coloring|6bb5782cc9646b255de98b574ef34651f8928d0e8a374419473e60ff4acb7d2d
783360144|uncharming|handy|f426741e78e1eaf15670b1295427fc58f68a8f1f6e597c4876b510a04cab59a3
765015452|rerub|raciality|6f04dfcfa221ffe382b783fa08ec1d567f323aaa5191cbcb6c1daf98debdd81d
424804459|plethora|hyperbarbarous|d56f141e677d512810732013460fb4566c5ca710676591d94baf8bace92bf8e9
613299555|dietarian|foremast|114033b1294d9865de2482737aaa264dc9ff3a5f3fe9937d7b5cb080850c98ee
649539124|endurability|bipeltate|336cc38caa0de815470bd83ea426e300b984cb4339fd4e1b709d8884b07b4f16
267780208|nervy|pythonize|2d687bca4be6a452e57a5fb84295576afbe06c6104de8a9c6322e819699567da
771746736|suspense|Gnathopoda|063a0db03548ac15d7e1d08c7914700deecac4204030f055fcdd0a3106165ffc
778905091|expansibility|filicologist|0bb79c95a41780801a0982ef23a331c5c57161f7140e49d6f306ff950d789e96
256956790|Multituberculata|thyreoglossal|c84e881bbaaa7a2514c0aef865859e87131964624a60f15269c71e1d1576ab14
451147072|inadequately|bitreadle|f320d4efba4c7603d8941a48582965f8fd14df26d2b659966e8f20a9c1653e9e
252112636|uzaron|unpersecuted|63b8f2e2a1d8db1400af08661867eb0c18466df2bb4e08d4c3344343cd7aff7e
378182427|Balanopsidales|coughwort|1f59120dcd0c6e9e2f0ac979e713904dd58b130d07700af3b74b74b6ea9984dd
624059916|hexameric|capillariomotor|bcb70572606b394cd45fed3c59c853576aa500b4b2afb173979776126261459b
182508107|strategi|Palaeogaea|27fe0e860aeea23c4865147134ad5b6fec28aec8de18317176c8a18e4a72d04c
551261325|prefool|dilapidation|bba24e450b3e5d2055ef0db7439abdc9e85be02e9b3cbbbb7d4c639b93131ebf
853511624|bumpiness|Spencean|f5a07310630bc9d4d15ad4ca9e12ab57d8818a5ada897d05c2245492957d3c4b
564688501|blindling|catharping|fb3ddb3eb189cfe9aefe295d1001991190141bd99d9bab2db247e330ea554921
165564075|tricotyledonous|perisphinctoid|2350f59f457adf110e04a791eb1f03e43dc4c33c1fb6c9c81e580087f7d33218
245930220|opposed|ruswut|d36de5b53155ceaa1bb66e4a19fbedc70bfcb4a9b5c35ff9b892aece67ec99c3
884359740|hebetic|dibranchious|d68f182c4fa83b92d2ca025451a9e94be49eb0519c25f85706b336514c156776
435500928|zag|inwrit|395e0415d8662a43bd9307b1938857833e2614c4f269e4e54a488a01d86a9531
281846311|pyriform|superreliance|706da72f90f2291fb6ed2477d51125bc8384cb293f6f7627fe7bb835c4ef9d39
895997870|hydrometallurgy|bereavement|dff874af5e34b34f4ff196ebe01615df712d59d962ab5a1a9b62953af99df5b1
472326621|hysterelcosis|bird|062eb85e7bd90a2c2b87652ce2108a620e7ee25044564c03b612c7018f4fd32a
507827387|coexistency|thyrisiferous|fc4017be4c8411537710616d2f0910282f0d2a39c8287c55a0443c529f9c6ae7
932075014|fearful|Falcata|0947fe8d310ff74b743b265f316993bed0589c87bf236915923c9900fc5ddadf
326846172|ungenerate|shard|44ced7a48e702d6ce2cbb97170b5b67110cefc66153261c1988dc91f1fc1011c
908364034|Gadzooks|sprite|949ce6cc4ebd1d073cedc60f3cc5b113ede894977370b89fe290abbd914cf2c5
686252551|unemerging|Peracarida|630f47f7d098dda633cf2200dfebfe6b7794bc4934c323ef84aec8f67a3f609c
279798703|brutelike|syngnathous|1b73bc618527384885e326f6498e8926a04fbdfcf9e04b43f83574e5451ca7e5
282205405|sievy|bungmaker|b4f6995e2e74bc9e0d0c40ee8c4e7fdbcc4dc13c2b5303398364c9b97b1e1e67
874900781|overcoy|ribald|cb5b9a275ec73baf048d0511a6aba248f4822f54d5b1e44282fada33fba6629d
100721489|solecizer|Woodruff|dbcd55924ae1e6c5ccba5b47f9661546c19420b815a7629ad5d2b5c33f0a0ac7
447278673|nosographic|apolar|2fde47cfd4e95ab18d40ae11cdeaf8fe60da5da214ec243d4b70b22c8aa31877
357791102|nontan|noontime|cee5556e4f09c171b587ab04fff01feeb3a9351394d590207f05d8263b28388f
894193080|gastrological|collegiate|70a25a918d394da997f64ef24cbf2b9f14e8f0e9041d245b62cfa3b240bd697b
455666839|voar|unaired|7cd5058ed306bace2a121b321a1aa738d3167cf1d389e78ec5b8224ebe65ad8e
366302807|becomes|duckwing|a1c0f9d5ee509886c8c8bc6973551a742ce0d32b794422aa8e5bcc920d400c44
128095420|Atenism|unlovably|5716bded7e3c44146d213db09d46a0ac2986eb64a537bf2090c84df55047f2eb
713498622|becompliment|Echuca|0e0782984090df17af8d05fe9cc3c91b114e149f83ddf97a7257fd07f7c4e04f
776180806|phagocytolytic|embank|079c45a09f63f1c05d94da0055d6ec279df3b1eed84369b2c8f41a41eab2f209
521225164|dearness|kuphar|85bb02620cb3e8f8e4e84557f850cf0d97f6d9f29ae4e89b93aee3d29ca6188e
437273035|Mesoenatides|pismirism|93f32ba0c2ab52141b5162ff0956a4f3a1d6dc4874eae7782e651f23abc6e228
977523826|combination|voicelike|bb983fc01802c22bda8b720fa413b054389dc68e4400430ab7a1ed3c619743a2
670556924|wharfman|underwrite|88e8cf8c2361a20c401ff357823aa61a9a0680a88f4d5af4a6d03a17fa40b41f
815600823|carded|homochronous|9b15f6e388b4d86cc2c9f0ca397365e95c1a27420a3c0db0392831530bc22472
671158461|preacherdom|allantoinase|0fb9ad3de291076e0ae06551a7de8dbd78dca99538ee97c01c28c943de4c23c7
423517013|Stedman|nutcake|ae9ec29505855243d7907dd0900a1e06fed9ca8c4320a9b202b30d2d72039239
218672674|stormwise|porcupinish|ef04a7e82ce3711c32ce74f1523f9d2ca99bfb97b1af868316d0bea9542e3e57
618045937|Anglicism|schesis|2cd4d21d6a6e2b537e9ac0c26ab695562a3dccf09d55915c6b8a39b7c4feeff0
281810017|institutionalist|shotsman|6a5eecc11e16a7829cc3f13c7cb7445af1bd3d2835f67c1f6a118cb730ff0fd5
652972285|unhumorously|deplume|4a3eed61900c2ad073f1495158c6d92d6bef5d1aff3458ee4cb0db0ef1c5f9bf
809888035|qualmyish|mermaiden|17e386ee533d0feabeb01d3a967f47110210c457be1659fc7390f5317694c4e1
689381507|tactician|enkindler|4986c1cff6bcfa1363c9a9d804e263bec37a682f263ecad08426e15378c12635
797156179|tantum|philocalist|046f4e51cd32c00304c56b778e25a160929699d6896b24a992002cf32429da08
613389022|Debussyanize|hemistich|30312d8fcef069ef266fbfb54e783217b1659bab600c77e689962338b3b9158c
395460896|grower|formulable|6c40b71a80c704464d2238923f3e18334fc0fcbd11171b339f0a628464e6b100
434503713|beardtongue|windball|74b161e74eb2cd19f0bab560ac3dd4e71c74e7f3fde6398ac0efb3efdb167bb6
395904915|Dogrib|betailor|300c55aa9758375d3f948a33f1234c3956f7fe94759bea94bf4581245e1c5f4b
631506326|palaeobiologist|Samucu|102b4666acc6854bb1989a272263686474688f19752299f137530382d1ada23b
669895601|outmaster|jordan|1f858454b2883bd8a7306739d2e96f835d84b830987f352669112a3497773f1a
494229261|ohelo|anticosmetic|3852bdb6f99784ce7296491a6650f04f9e2f2f2ea4b885e58b1c2b1675646ac8
831992644|immunogenetic|allogenic|a196b692da6b0de8cb7a083e546e8a5af7eaab41d273192db11a28c8c2d35527
595459252|elvishly|gastroenterocolitis|d8915d13b81947a4b204d1985be97258159a14beb1b0736bfa57258b8963fbd8
298247680|Marsdenia|orthron|a47cb8ead1aa651b2b20d3550f625c05e4e545a46aa1a71478ba46baead7208a
223924662|isomery|overmatch|94b6df920634955975dfe8a16425b934394cf31b827c6f2c494e0723003f35a8
498972463|lithopedion|unabsolved|9a8a450b5e397727c0e229d4c88cd00a4c4ec3ea9539adb35f9e8e998cfbfaa9
467817575|reorder|evidence|dc5a288f6fe4b634fbf421559b5997c32d8ca385c5e67392c369f6943b70d26c
462612013|parvenudom|pistillaceous|5db4341bc9a7adfa358bb1454e48c4bb15953a9f8a928e599f26c28f3f05bf0f
939019748|unbibulous|disappropriation|1525678f4afef13252567d051697f6d2a7ccadb0f5a7414251989c6d6f54005d
928481181|pika|buttoner|eb2f466927fb08ba20e1246f4cdd2ed0173b7fc1654b8a4182391fb447bb23f7
388754441|roughage|semimade|69eb0dd8f6c52ea9da6781bec4c7e5eaa150c32da26fdb5d661db0281717094e
658056239|wheal|trierarch|2c7deda9f8dbdf5fa743a460ee207f522898c1dcca4ac2a8ecc1e5ef26a94790
761412199|retraxit|paragnosia|963c68cd2d205290df9540d963e1ac0ce18eff8f5f8cf1289b1fb48e998d46fb
603484733|Kaffraria|exospore|4a9c2b587889744bac1a7fe7476f278e6325397b4a7ed538cecfbfb5883281f5
366618154|yeni|phonotype|ddf837d8c5bc0adc054f07b2ab5f5beee42506b5f1c80531e21692f265ed9a4f
544011819|brawnily|parousia|123f652b5173fb0b80946009908430529b3e8270a339ba436ee963f6d7485e76
658549821|mastoid|unambition|26be654cb522e99212b2a28a4d3171cf889658cb7d7f4a868e0c97ca15af1a27
376909776|compluvium|Sadducean|6476ec63ea60c7470ab6341c0fd73c6f314f8ccd9d5184cc29ec265a7d26cbbb
501715296|nicotinian|spier|fc0e1c45aeb93287b4f854a893f05c226f415ba08219b4ca61e03d56db2d07a2
876575039|outborough|cocautioner|e12f43172b9d042220079e516b54972f9baf5606bc4aae32edbb28a7457d468f
971964158|addle|decanally|defda8ccf1549c90932149908ea6a0d97a366198b037cb87556f17d9690b73d9
408371560|secondness|exhaustiveness|6f03992a5be065e6bd2ada4f75672e37cf07d89436e202182e3fee2680147665
227550643|thermopleion|Oreortyx|fc32f1b9d1388fec39dfb5115923dc9db74b63cf3e0110cc3a4e75332454ca08
943505343|pressgang|bisetous|5df2abf3837f6ed192dfad2ebd8b296fff4f6aab827bae249b1a2ed160763fe0
600585597|enolize|semiwaking|a09ba6a70aac517438df4c48690bab378e6a19bd3487b2c5e87f71530f3937cc
790742545|Chozar|chondrophore|c202bd56b06b8bd3416585cc3fe435a3277accccf688cd5c1eaa27c22753d2b6
105110557|envermeil|undercaptain|90249088eb5ce09132f6f0f79058114858cc7a66f104cfffa74ce11a3c2ccbb4
417256293|aggroup|crowtoe|f2277c1a8b76d84ca8e7aa738d14e3f8ef4702f9315efad1ff638d047fd2ec9c
945187669|Egyptize|murderess|9c6f0216a8999e159b4334e7cfcd4647ae206657b00ebb996ac0ffe10b2fc6b2
905291753|whaleboat|supinator|059edecc2c061efb16a398d62727daed2729ffa0eb843db6b813fcd1b4fa3ec4
413100601|ingurgitation|carbohydrase|8ac1c3463ddcb3d7880b9d6f3c89d71849f7740cd270b7e95ad5e966b305278c
587323481|unhesitatingness|adiaphoristic|57a78ab49ba494ebdcaca0d2da8afe32f148463e1bf99b4455918f1429a1a628
125987891|antidoron|personization|32400a7e562b33ff9f1cac969c6bb232edb0130f88f91b1f07afa6c63a8ab4fa
711355411|retromigration|apposition|2195a9885a8621d7d75e316df2a75a527a718588170bbf7f5ce000ec31704862
687568006|retrospect|hypsistenocephaly|e521d3329fbc4cde8fb5af00d5eec455bd9875c76ec4ba76df531750daf388fc
321011352|coumalic|oscinine|9ed451a9a76dfd327cf0c2f67f12ad6e73a4e84a2301ece7d0be45f5c02e6a76
534810044|cognoscitive|venomly|3539470721c74f9bfc932573bf47e726967aa3eac8276c3bb44173036ccf9880
336158856|unsensuous|sphragistics|fe4e8d68eb67d347f31c6d6c8cf9b24288a00f9c64ce78cfa46e0669578fb0f5
877956732|myrmecophile|overtoise|95c9be730ce9423936a9eed0b5afbd1d359bdeb1af47431c230235dd2194ffdf
372618921|willier|opisthograph|f1b8335f14c973f6fa9e628b12bed3201333fe066f8d29d2e041972a4b38add8
980914354|maniable|Valentinianism|c90a5694a6184053c9586934be78234bd49d33237fb28a252e7f331169e4318f
832419856|burglary|subsidiarily|343911a0e9df43ecce1dcf02bf626d9ab529d0b239a7778bab0e3dce6d53fe9e
143002171|monospermous|unilobate|9d1fe2fd4f3f05468218a7f6fc5cbde355d33f5721d7b5b8503534feb8ef7d0c
431176394|indexterity|unimportuned|1d107392dfad00d3750e265b9a7c604ae81c0a973cb202e188f60d77c5ea24e1
170870304|flyless|unmisgivingly|323d5c84ff57c5db40d47c57930ddcac823291867f8fd2e2d8a56f253d265ae6
779360446|fatuoid|petersham|28a104e658741c4cb9f329c6e771cfe583d9dade613e6de5ae9db05cdb7a8d87
159670575|spearmanship|oenotheraceous|2bf27a2a7a469f9eb81a9cfc16c4ceb2bfb63ed1fbbc221b960a34c7055566f0
103555419|oversoar|circumpacific|9eb792bfebe6bec498fc30a5464bc8accbe0b0fe02009ababb6de4fe8ddccdcf
442567857|blindingly|coalrake|f05ac9883afc6c4ade67f6d82e4ad354a0e937832793671ad63d93b41800e13e
165680412|fifish|exundate|c9c624e78ef24c184f1ecb4f441fac6a62beceee16e26cc13ee1a0c5baba276d
846735057|hamburger|heloe|2bcf30463ed5ca59c1ad5518b5a3a16a3ea4389fa93223102a43cdfd2a1ae0f7
497526123|granuliform|recursion|b3629586fd65ffadd2a8667ceac76506d31386873d31ef25966193b72bd2aa2a
198597903|Osc|syndactylism|edf3910d197f44eb69a657693b7f78275d57734386a25747709a76f6aaca45f4
190034847|verite|arcticize|40288cad37ee73e8eb236c66cbc2b1fe38fec594ec70c66004b5760acead4465
597952438|uninflicted|diverticulitis|d095657c872b60dfc90b989ab1e2efba0b85c8234d2e28be0ed19ca75c47cbd3
456892641|transportingly|repressibly|bcaea8c37abedc5c81a4324e672379a9392d68da23f30b87551f8ae26f61a1ef
562753718|tonetic|eclogue|4fc2aa05b9fecd735445b01e392e20470010c86bdf76915607e7596dd6a72ddf
683868902|heroology|tizeur|7ac0870f56712094d1a4f0b4184bd2ab003edb79f68383cb1e82871e149e8ecd
849390155|wasteness|scabinus|aa1a6586e485ae2b4ebaa37213c91536304e935c24cfbea4f88f48953c41832b
601792073|update|permonosulphuric|79a03f97ce7c1ccae6db20d3265ffa1c4793bd1d21f40b4fa71c734a7fb2800a
358779093|footrest|Malabarese|099924e72e278d153edf9672aebab5915af68813aed36787f8457db08ee35baf
219558158|Hilaria|cymbocephalous|3fab887d415d3f244bfd1774853ac7aa5a3e9b31dac2c185b1fb257fe61dfe45
289603396|unsteel|pseudographeme|b1b848ff3bae0683e148de03f358fd3fdfa2379206b890b03f2967601a004d1a
735450187|sousaphonist|cornerpiece|f836c39494144a914dbb5d4993f3e949834170f0bc6a2880b3ee7a21494661d9
451612933|Pantotheria|moldavite|49eaa2ff04dd382469f7f6a3d0ac4d30944df875801e632b252130f028b55050
193821326|Gaudete|genapp|19a92f9bfc2bc7fb36c2d64dccfbb5f3ae870ab599c55cf8025f458b744b241e
663517250|girlishly|peller|f2ee2d715414b2be953f73ae5a14e71a5271380aa489f4548f64358f8693decf
989157190|cynophilic|oogenesis|6c68bf4980896ad4f39e86787b99fab196d8caa2f59064b9d69ade073bc0defe
593928716|unnoticeable|trihemimeral|1b40a5a005b3b1775608a07f497e857175b68c26dfb74a1cd9ca40796c2d846a
335017150|introversibility|astrocytoma|468dac2e9dd3f7db5b81b195f3908f57b902b9c3de53e706a94c736d1400da96
753934372|electrocataphoresis|dacelonine|1da64462cccfdef48d525b0068154e95bc9a35efbd269b806eab1dde2eb63852
996515307|vilifier|Aetian|31bd39c57ad8f25e1c19cc355b4cbaccd2f5becd583c46a36a9af726074ae0c2
760322157|supernal|amalaita|89d96876ee995156adf6a8ebb94ef6b70f12700df619a635ae0bd1366dd5617c
217485619|dextrad|autoxidator|346b94830e7c40eee6cb29645200345810b0b12724e36494a8d15c6686e8d037
616487513|notan|operatically|fd811efd367bce14df240b9a2ca99e5725293ade23f8c707d74012c1618e9cf1
865614899|antichretic|gonidic|f657bcd635d2b29f53b55d004cb0dabf04f3a6f05027ded51387f6dfec40f35f
420437516|gonytheca|podarthral|902483f092f35e67b1dea9f5c3926a75637598b90697ec864b35c86e9da707a4
462949941|symbasis|viola|1e547664de4612d356708e9cfea2251f09803c037adcc96badc37e4eced65f48
559402742|Loiseleuria|pertusion|d74ec8da37db8fd3bb9c22e9aa1853f348801cd8f8035f68c47af7da22758ced
722620879|sunken|Doko|0d9abcb4e8ff26ce5db2ed2d94b02614b92740ffe995a6e5fdf6a4985ab68267
624836618|psyche|matezite|849db58ed84ab0dc5690ec827eb9d641810202c68ff317a93d50799454b8ce6e
470223940|metallurgical|reblade|c11447616ebd9ff2ae46181f2b559939ca3e416b3735a657f71cfd22c5becb4c
776439007|alongside|rethank|336aded890e7896d5cff5bf92c73cc0c80a1c9b1e67a1a4175917a4d8da1e528
736046805|untawed|psalmy|1c97ccb02fd3571e432230462d4224c7677cf2f5fced3bf594bb3de21d339637
588231136|findal|humblehearted|a575e9ee33e432a4047a4f5e61da4f30b8f1d609e12348229f07fb701817dbb9
213543265|viny|riverbank|4b28cb23db0d449e63c5164b62f1b8b8b442b7cb1d993d493404844d78c95423
189630030|racial|uncoherently|674c4e946289df2e54645713550e0413db128eeafb636c1e0158731e664cc21a
338425558|armload|subtribe|0f31a8e9cbb8c8339d7dd2e87f2af07263b959ddd99b1f36b94511eaa51d8736
149793070|proliferation|isograft|60e0ba6707bad58d4fc9e8aac4ef92c7dae28fbe4916cd22e5edd4aad96cef0a
444791163|witney|intercostally|eb1458b68430243f385a193eed2edda31675c8c1826d567bffe4067e6c678f5e
516944363|perduring|sandculture|3c1f100824648d45b8e88f760edbecde67688198a4d71a31880c9e80be40d46b
582944345|unsoil|aspidobranchiate|da838b234490cfaf44e5d476dbf9060bfbc38d1b968913ea2d08cbaf02b412a1
886755584|Palinurus|electronographic|5ed4f287337d7c68d44883db0f4344845402c0d8dc7f529a6576d4da4b45734c
908376242|fieldwards|pteroylglutamic|0d8c503ef665e09b3c000b78e6826457361961512ec5649fea244d33acd57a01
406094431|cardophagus|Acephalite|1d5fca43501ed646274cf2a71110f479f0f241350ad04803743e0605d9ea9f04
390313685|postcart|hansel|08884a34ad750ba91b37863bd1b5e9fc46d54fe05665eb085c7739575b390abe
752559515|abave|Sinningia|b27cf996128fafcf94f99c35246fea7b2895e81a8106ef834d215b8aa044220e
723395634|transilience|spatter|f8af16f9b9e026db2f580c9b800d530960de707373e519e33e774ef3462ae28d
173006534|Alismales|anasarca|7be2410e7b0fad898cd562bf509579a144e6ef59b71b31608be56252c2fb88ec
767029448|erika|uncherishing|e8f6fba3807c04de5c13680dd12d359da6ede2a00a305867453a6cebd5e00391
932709119|unoriginality|supernumerary|538a5d7e4cf97a2c231d6022a74f9dc698149d0ef980ae5e22f818d7a0f0f64d
132240929|Atestine|crucified|11b36b8d4f3a7846ae90b936a6a4a30c216eb6292865fad94f60fea92e7eb2e0
658807025|elasticity|reproachless|f53762a6545a14b40e07ffed77ffb07edf3f92a2842892a2a1ca7413be3364fb
678109151|Strongylosis|angiokinetic|b9e92f7efb0628a582d96e01364be4179e04219e3448b50ece469862d904899f
733495291|achill|telenergic|3b612a006e3cba1b22a3715d107df882b43c6189794e85a420b08fce80ce13dc
579138955|intercessor|Barrett|f7571a14c33c180869394532a591148268637332a79efbd563a58d660d7d1cb6
621808795|nagaika|interpretive|fd5b70934df5f37f05a570ef0f64ee7bd317f9b71fe2ff427637256777c2039b
822965818|compliancy|Durango|a2b63663f7f71e25658d808a708fa707c18a041d60c2be606ca0c131640d7a03
599690586|relapseproof|necrophagous|c3e71d44acaa2bd42f62968890c65e357829dba477b609edb6ddf41bf4b1137c
471510584|bottoming|pasteurellosis|86568e546bfc51bfa66371174f042935affe02a87f13ebdafcb5872c38b25dd6
867871756|highborn|aortoptosia|00b851db91c01357e46212c78a6351333f5d64248738de79bd7de3a66ab6ba61
991593059|tandemer|triform|26034002b9f8bc2878139efc0405e6630ad3b72cee93cc6237db13310c320d7a
902818280|restrict|reboil|6f204d34cc227856f2f9c53d19cf71915f10beccb7a3eb4f460ac9f50561bca1
679885440|magnetotherapy|hexabiose|bca4b0dc1ddbf9bab58f15bfd600e87099b3846e5b154cba99744044aabde68b
443614350|histogen|semiduplex|f82f6ba0915ff491367a9da3582cb910db866ae471fe42c94202185c69c50537
913153933|Simplicidentata|cadency|bd9e369a4ddccf01b499a3bfc2a5cb7c2eb3ecd946e207d8524e2aaa48cedf7a
992312237|machicolation|twilly|c85b56e19a7f7d07c7953de6c386e1022f68c8145182d5c767f7f2de412f8051
114324378|argyrocephalous|taberna|5b76f280ad70dab3927fcec2291f7f13d09fa2e65c55138407363103c12dcbdc
522331825|balden|mozing|00ee081dc2691aed14d01352466b197fc4e754da78401f5951e37bb336375a85
369854548|assembler|hemagogic|17ba571f322f36a72d6e194df16f10cfff5dd5d2a768e0ceabc2271d8602cabc
338754747|guillotinement|Ardisiaceae|0265ecd271fbfa36de6d2f83f03d8e70b528a13c89b83311ef0300ab27c7dd44
647937378|surgeonfish|pugilistically|ad00cd07cf4ece191aacd463502e76d99ef827e186000913c92da4948c9b3ab3
139253151|rebase|Stilophora|60d090f2adb23aa1ca3e7708f7cde71c965ea49502feb9874dba45bf70aed445
950397906|anthropolitic|reuniter|6fa1213581a7b5b700c5fcf85e16175c521c60952c276deb30ade01cb025a523
566434364|reastonish|genyantrum|13ebbcfa3a82bf725a57e32cff484ee429f3c02036e8b7cca3ac5e2e86dfe91f
126151070|hemoglobic|overhill|8468b5c32f243fb3e3b4de8c73b6cf2f9deb240ac425ad88ed2cb2f9a3a3feae
276660979|sluer|intracellularly|9c8294fdaf443b2d8da89b3ff496dbcde04590361167260bff45f6751ff12bea
711226115|trammeler|fustilugs|44e3761ac6df56b43d8b55ad4710e05d6ad02d7f067012ec91d9b31c454206ef
470036466|swob|endophragm|c3344da6b24b48879da74dcde0cfcb5aa40a0a13c6576f86d4b0409ceade3832
667995264|leapingly|officerism|a2ded64d04b0bae9b71b639579183c83a2323732ca4a577a76fd5a1ee3c82aba
553447263|alum|leatheriness|f5e67f21168207fc090cf1c59dd496be55be7c5525f986ecb0aa7e8fe7b11679
628057388|catadioptrical|quantification|23bffbd49e47bd9f3514897b5a2f1c7ece0cd9e7b66a03b40b8d73a1a2159488
444894991|unpresiding|blepharocarcinoma|269b6a6057e34d5ca26f467c3a5b0a7d0d312a8605aa07a82626ab4d55b61f21
996033949|recurvoternate|ungrasp|9aaf7d39e87efac6b7ad168bcb1ab7d156dc3b316666563d1cc3767121cfa8a9
586142789|pharyngognathous|unsonable|6d75a7fb36e5e1599513801b36ce8eedfb175823a31ed2759670abbf4886bd91
261368256|Chirotes|patriotess|c567f3e7cecb9559c935c0af08bb2922c06edc79803a975247cf8a7c1273618f
935369313|aphonous|officinally|a5b5ca6eca09b79e50c6f36ba47dc2a8213795e308fa5ba42057e820a7e9e6c1
481299459|Baltic|prunella|6b7f7bf5a138f7beb84157ac680e501ba6d4fbc28226b7f6f2c62b97708b44eb
856564742|coddler|ankylosis|18b22a668b391e2ec960b348f7b29f9aa31a61d08d2cc9b8e94dd96b5f2cbf78
449789147|lobated|cystitis|02a0e02292981a742161c6dcb18719bb5290c95d356e7e8048dac8a611ff7e25
129689672|Altaian|catawampously|8c773e9d17b98d63c92709e6f36c054decafcbc1c14a115fe25cf2ac364b429b
261587508|paraphrasia|lane|1c209190b8fd84ad04abe07d9a0606c1d8009174fdf834777ab01e191b64e282
143569122|marriage|coercer|4f4adf2a80961b043c9f2924945418279d1d2de5896f55650f9e7c5015560357
963991784|readvertency|Syrianism|b5619bef971e02a1a306931795ee7893485fcf0e32eb79bf3f023b73fa3fd328
417017106|richterite|apologue|336ffc49e79fb4f8651bc0c858c01692c588e8bf4b25baf1f06e38f350caedd8
879571288|nomial|slipping|099f0dafca2c681bf694cd08ee42aa53eff740c8a47dd711dfcffb4828de713f
253766016|dickeybird|endothermy|83529c36534f5e6327f9525bca65045c15a55a503e1c85f9d3e31fa6a9d71a06
755052045|jocko|autoecholalia|a29363968da94a86d7d899ba3e876782c5e5f637f86ea90de9aacf9316bc09fe
944428564|unblushingly|undialyzed|e35bbb87402e617c9dab8f97c8cc95fb9b2e533e14cc31d043914081f172283f
599068698|tururi|sprit|63915f570bc6e1228da267b817a0aad9bdb8867d979f3b56666bfc3c33684d8b
387478593|porkish|locustlike|c298376068dc7a0db93aff413479d107e37a06e1eca81126e57ce16b1726ce5f
152643175|ambitus|soda|5ac6ada4cc61f882253c7105745a8c1673eddb29f0af17bfdcbfa48fbadda80b
711416996|Shakespeareana|upprop|4817915ee029cb8965205d5c8c6a4b57ae5462c59134ad222ccf2b0d11fb8c43
831901851|slipsloppish|hydrargyria|7e00e6b30b9860e6d2bb5c54bdeed86a149d35b2ee73f52b4a4315b8ef3d8b6d
882789456|witlet|omnipresently|fcb34aba36246d95963c783452a8f9e9443f1460ce4cfd9f832256ac81ab3ff9
987389387|pharmacophobia|amylometer|cc58398b3813294bcde8fa0de2640db94266db2b947f1701248f23533ae86ee9
373136526|creditless|herbescent|78ee55fa17e017ead0d4847415efbe0534d35b9f863cfce3d333503226e1a54b
913860203|sensism|cacophonically|d191541e1aa7248e05a64e395964253b79f9a781e59dccc6c852ea216596c63d
214134245|narthex|counterassertion|7de6c723ceb23a592168655fe219cbd98cb5b9ef3427c8318d9a373a27d74cbf
856524865|Rhodomelaceae|deossification|493a52986e4d76f7beedc39c6bd5a84f54045b71d84146c88e94a412cbbe487d
881094489|dufoil|waterwort|a291febab33f4d74c06d28aa4a928d2a47c663a363c92b4eed51ae540cb4545f
348580217|peltingly|societarianism|f1f776979aeceb349bccc3f8cb6d53acdb8a90da299cfc184d1501f1f67ca244
557199756|Petrarchize|whipworm|7962bd36e9b425aaf0598ae44f11cf3eeb4b14db515e981c49114cf352cdbcd7
831396610|Cirrhopetalum|discursiveness|052ac33a8b734a8b7d7626c599f060d2b32e15e98c08f2dc0fa3ccb473ecf4ec
697691206|teardrop|Syrma|2a5e0707666b4eea03bcec8fabb7debc1ff864db626f507c74f4109d38f3bf61
847143830|postpneumonic|manavelins|a660df729dbf20485780e3edb44d48add405c2809b34c8906d1c95512f5e0aa7
624645020|unmortgage|Polygonatum|5b4bd5b335bde0c334fa7447637bce01d8a368ac134082249ab73513e9c5f83d
578349410|proleaguer|hoarhound|5dfc8dad13d252a65f4f334bfed295df7739ca6955cd7259de2061ce1db0164e
601823083|recital|varietist|ed9ed825373b07ff2b220d3f74a348f7ba812a557a53bb462de816e95ce34cc7
898637416|Comanchean|extemporalness|69fadae493b2ae3bc66f8d7645310890950beb7e2b1bcdd149076200d257a637
856496637|updrink|unpraiseful|daba63c1034e3737077fe727d53336c375e26041959f8376825443c1ffa6b80d
252049199|reconfinement|acrocarpous|3888a13e7e7bb9990a67a53da54e56398d3208d0b7eed87372b961de822b307e
288847111|Pomeranian|jodelr|5018cab9f738e71e70709549f5d88585c736562241462771038701cae2f6b179
905285628|barn|ijolite|68afdbf08dad2bbbf5558209ba99fa8aacb26bc73690319483eaa9bbb208f58f
310939529|Siphonata|preteach|035ede660a8d900ddc62cca649d7693e37eac5f56dd671d3680c13c63aef8830
310128496|terzina|Sirius|5ad39e0f68052f1b41959566b5ac511ac2a2946265c3283e29218748079eaab3
292240548|oblongly|dorsonasal|2d7279a7a1075ccfdba1cb0e5f3b5742ccda28ff957737de00acaf80108867b7
268782188|journalese|canaliculate|fabbdd6552b8ec3f1492a085b314b8499f2a3b95282b6dcdc058f472140eff36
880845296|scringe|indifferentism|388a0671cbcdacce5a6b0672363976ccd2f3923f517f8a8ef9ae9fc8b1e88686
171566525|uncostly|magsman|d91dfee290ed93855d7b5053c714500fd3aa5ce8ab2faad83608149e49abb1b2
890376030|Nahuatlecan|cobourg|176396ea8a9111623413b11671008893fd5222e38a8e5827a7cb16a71826dd59
136808205|gamogenetically|diplographic|c0a7f15b58f9514db92d97b5d1cb67d9782863ae439e2ffa813c41c69664e71d
292180631|Polinices|autoslip|7b07362fe14753d083819c0bd4573f540626bdcfc405ba89b8ef220522de415f
392679686|uncombinably|apheliotropism|e06763a3b35d513aa82ce1994e44525215a72917c9f8ce08a8a08bb8b9f3fb99
738462813|pistillate|uncovered|676fab524c2badea4e0b5d227eec4fba45ce2b8f6b24436afcb0c12e40b23b67
115763261|kilampere|Kentia|ddd10bbc999da46c9c30ecd58646139bc115e0d8588f21ba8ca64a8cac6872e5
608349297|piacle|endothermy|754b8b7677d3e6ab607ecdb1068961820f75fa89b5e7c1bedce91415659075c1
586982293|fidate|anchorwise|257f1df79736bbf01cfda836715909a0d4e7e4b68ac4b33daea321d188dad5cd
553709546|dialogic|subappearance|71688a2ba9a6b1a6aa102867d207f1291da566c8aaa7145b4b69e1cea65a486f
173190185|puke|unproportionableness|d4cb078d88db5cd8366ecf0002746de4180144ddbb6d13f4b6106f7daf36735a
306521634|imidogen|acracy|5a335382dbe61c1234b8cc8753347bc36bd53e6cc089f3c89ae6c5949d8b66d0
211363224|bodymaker|fulgurate|8b10d4060c0d6db4528b523027d7071ff3974ad54e5dfb1e055f7b93a126f54d
203038588|riziform|imponderably|a197d09924a9c4c31233cb62dfb9129d324e347526b1da862fc87a95052dccc1
989181827|Prototracheata|grits|7f2866327855163be23a7bab49278b3871db1159e16bdbc6695d049ca5222308
791202086|skiophyte|inextricability|98eb1c274b0faea1a4a578cb1209b440471b7d0496a0bf87fbc7509ffb92aae0
704746134|nonapproval|intertubular|63d8cfc10b07b236fd0d8e9db95bbab79d054dcfae45dfd20fc10ba6b3f56d77
797902716|permanentness|unincisive|15222f85d4df9e4795c3d9aeb624c2bfb331244e642d4c3c728b26f6051756d6
993091811|corpsbruder|trotol|70fa7f3147f11911b8ab493d68ee9f6a1030530cbfa553fa90f94f90f91f8ca6
746480377|arse|insnarer|cf5e5251f387bd5b619f269a3c139560c4253eb64fd1576126fbbb1b88cc204a
172475752|cavernlike|complete|d1cdfc3e0f5902ee000305fb690e6708da060a79812bc554723463593a7fd7c5
355988928|semisupernatural|rarely|80918d3cddbfd9d321612ac02b83a9e0632cd80c95d7372f3b69db77e6371025
252945398|impassively|babyfied|515bd7118762094509682029532b1761da60df1755ae55afa73b8c5a69b18f57
733152784|lipacidemia|intentional|fe432220080d53ea41db60e3678fba449f262533d3fc9a742fab8411509de7ab
589596624|Cacatuinae|magnetizability|d78454b21e5a3b1005ced544e8ca7a82cd3408ad2ba285995a6d7bafeeed5b35
663510888|adipoid|cobalticyanic|47a235f0450bb67f3bc9a8bf2575b700964f3ea965afc47657da68b6ec7e5cc5
380760311|grisettish|commendam|6f054493c468a6f1bd93eb8ac03d0eb474e3e70e6681178986a9e1b1e04da7df
889583833|bossed|semiconducting|678a45d2e835734aed757a7227de4c462dd1940e0710863b8d95a7137884dd10
124997030|platycephaly|soke|a37fbe20700639dba7606dd39bece645c271a3d57c3daa887bcc98c44f9ce8eb
614832930|acrotarsium|proudishly|5a5beb847edd42be22da16dc17be8395108a6788bbc12bf469cabb309edb73dc
600845609|panchion|tervalent|a86c3572aed5aceb1e6f8b448c276255bfaebb560a9e52b66d19da44e69468c7
225064622|perscent|shelta|047819b3befa9a976f3f0cb9d5383d828b10b9da93879d8cf6ecf87de30d979c
410101914|watermanship|viviparousness|504e0f9663b5a15f2b1d2868b4b2338cba918854a71ca6868ed7f4188e26e0fc
446318260|overjudge|conopodium|f3309c96210d6efa49e5d523daf16f92c912f653e515bf36072958859ae8cf40
544370529|pendule|lurker|dd79a7efc7cef36842edc32de7609ce859b96970f5bba2556980f6fcd5b5a1c6
628058774|rascalion|vengefulness|d0ec9211938b31502f53e01ea0b66ff5189b6d4db776f95f662ba4d89ea84493
139117177|reseize|virial|916f516694ee4fff339332db6e59136af87b9fd4157ea0dd0df49e8806df057e
447280840|rebellion|mainspring|f5e34380db255bb797e12940eabf21a7cc465955d241a7e919aa87acea94e71b
635604098|swashy|admedian|d77b787b8c66ca29e0f5be42e7b20db3ae74c400ccad3c3712a379fdafdc0950
837306098|compilator|interrogatingly|985daefb7174c688baf0cc5ee876f50122790b47aa12f21f4ca5c0abd3bff0e3
490038081|phthisiogenic|hypoderma|b38455ea862b39e86db53e4b98a1f0f5fede7bc60c9e89d1de03fa227974412c
755071072|calcareous|eclogite|077201a71d1c5e752193db2e477d1883a86edba54a31e88df38b0da4e4921bd8
695318705|tamidine|costipulator|82d268a4269277a76372b6d382ad51172e8ec86bb770d88d4aa3d3bae996f015
349160633|terminus|unarrival|ffb58827b3f74cfd116d950f46ccdaadc105563b4fac41790ee095730e966b14
141668951|Leiotrichan|hemochromogen|ecdd612763c723beb6a487cbbc63dfa677954cedafaa6289dd50a17b661c97ef
691801518|pseudoapoplexy|Babi|a10f0efc45beb663ba5efb4fd1a60c250f89b6ce34664f8f24b540931dcc236b
571832573|voidance|pietistically|3a12bc5ae7aee912aaf2e9c59a8df41404de9909db60c8210b342198f735d6a1
686055480|scrow|biosystematist|407756308b1ca7d51e1c6cee5437e663cc9a8bdf2665163199b528a2b9bd3dbe
325999596|you|groatsworth|7c7943ad412ced54043e11939191f1aba41f3c1c8c8aa672400ce1a3f82e170f
419081816|repetend|stalactital|92bdf73f899dd2a59f0cd6912b10ab1b4beabf244c9311ce94dcd1b3a1969494
944958239|preconfirm|subpoenal|5643b9eaf3cb3befe32347073ab8818c596ba9fe25a734414afd272799279168
517869449|unwarranted|instreaming|0fae3a5729376a80ddd7422ea8e986e9a5afc7ffc6619667bbfee18256217cc4
497364356|unstilled|Trizonia|9e05b10f76b0993e8e3c074bd46ce76c277c273f5b9d89d3a4dc92b9c5f4c19a
590175717|odontotechny|minaciously|a757916004dbe930bbb944a62919dcc4ae4c75d4968d9e3f99129a78e81c69f2
505047751|cobaltic|senatorial|194aba7709fdc8f6c9f0c7e10c3e33cb7e344c74b5baa929e4dc8accbbe46ddc
708948677|Antiburgher|refrigerate|dbc922ad8ca404fca52216b3ffe2097b7caeef21a3812416ac984d81c4b71cbe
201541366|Bangwaketsi|maxilloturbinal|fc5aad04be3aba32cebd7ad23e2057fd7729a5e0bfcef51c4f99e12216f0e0df
626306602|prescriptibility|anteprohibition|c86943efeef0820293e7e23bdc3bf321f9119aac551e6f866287bda5fbfc00ff
860912849|ungraspable|trilobated|4de915be17c1e8261eaacc7fdbcb98565ac32e5d0da7836732d11adea9dd40a7
673699135|infertility|antihysteric|f593a05be1030d024c00ca6d490b63777a99edf095b502deb3ed1ea51c8d2e40
152676806|microconidial|cardiomalacia|40bd69f715d561e58b5e1b88843f4fefd5c31fb51fc885c1b98c82d0bc9d5902
862422021|diversifolious|statistical|a0fd78e2a79395baaf193f738ef5c9b388cab89d8eee0f1c49dc40ff86185ce1
310268827|prespecialist|cellipetal|ad7cc6f739528dd6f484e4db53ed077fdd8bd821de90f4f86fbf0ef416201c9a
439144437|wringbolt|prepurpose|9c069dce5b3a91bd2a94220f8b64a430edcfa8077afceeed41e5b6007668bbc7
511469582|unlinked|proeconomy|25d174803cfa80773d0948d59a4d2aea48f59216f7fba5a3699cec29efb9e0fe
900535147|Germanity|derogator|920102b082f9d05ed35b12ec689a1e715f69604520b50bd5c31de7c48d45db78
890754143|stratification|phenomenalistic|859592bf23754af77e6fbf0b7f9047bb0b3542c100abfb41442d2b2ac4da1dcc
548911028|rockman|unjoin|fa909596fa5becd1176e4475541e15d9ba9e51d9f9e87de24d6d5132dbbb1765
845769057|boyardom|hydromorphy|a32a25f867c52a002b85f487ce1877e59c684abc90e2fadbca9e2eb8fd9c1269
421336481|timelessly|immanence|c247cc7f376f619c83d2ade3c33580d682e669fe07406d0567c543ffeab5647e
286229293|oligotokous|interbranch|b3b9cfcad2c14ab15a387672bcac10119c56106641b28ba9bbb736f3469a9cd4
783493971|piscatorian|wollop|4c5953213e1b2b9e69074622b856ff01f4a31262852ce792b3470c205e118486
752606406|winterberry|againstand|4b86501ca439ad79d402a284b95192a2590f529407dce322adbc533de9498484
378395202|ethicoreligious|Napoleonist|e7748deceba4bac018d9958579772d2540ae5a0e3ef3b2dccbc20bbff3de4dd1
607110319|empyemic|agriculturalist|d05a5fbef3b5c611e0af57bc2dbb816ecd6b5af920e0650ae36ab509a6e05f43
742957211|nondispersal|Mollisiaceae|3a4b35db28a67755e522627c942a28f852496982034ef7dfe9fd1c2759e4b950
999502871|beflounce|pharmacognostically|97e26229309cb54604f6fc3472e9819bc2ea509ab80e313aca0a3bd35ae5aeed
153432246|arms|harbinge|049a23044bfbf354b3475edd0a21fcef33aae150177cbf7ca62467c44e59fe95
635754758|pignolia|brakesman|bf4c358b73fe27f52cea243df6e0309c5d1fba9d710fd1b8af8f7341c03b01e7
990873507|untunableness|reconcealment|d6027e400ae1896f4e0a242c0279c5d95a5512858786602e12490e4ba9270c82
539096056|paradisaic|perisoma|935a507a5b611397def83b3e9127be125bffefa3b81a82a08d7fe345bdf512ca
707990321|dragade|prosneusis|e9ac50b73393b33092c7fdf6218295ce68d35242459e56e2b4360b3eae1dd15a
632725110|cumberless|syssitia|4bd4324b13088fedadc88c31762b50e337de833f5c14f4a014b6328bf3723fdd
716489539|treewards|Wappo|d3265637501ae0d033929a07724de7ba7243d346a87f4088b26bf632322371a7
147746672|hypothermic|amplexifoliate|b12a953e5e6ddf451bf862e7b8803f71fc5ddd77d7d3ceda534f6208c56731ba
926124385|Campignian|superciliary|27fd00f301c3d4201e513a01295e7a954aede859b9f06124e0506d6e62070b1f
954220278|recurvation|iconomania|fffcf518ad116d520f38bfe2b78d39236d94fb57e6d37e41378a934ce6b9304b
700007473|bribee|tarrie|156020357ab0c2dda8ef470948225eba115673eef825d3e20387151be0f762b3
882264255|Flamandization|hypnoetic|4d71486987e1fbc2fb0fe1aa4b41bfa9c814eb207247acbf4e4122ad54ec5e84
130122919|electrodesiccation|catalytic|a07af0b85745587a9cd69fe6cfa3116d114422bf4b7625ebc096c021d2c9165c
358199385|isoemodin|erythrocytolytic|86c7216875d2ee4bdae245c04d48fcd32e2a01598d7a59ce69e7f78900dac8a0
235774308|masculation|bargainwise|fe62fef4bc295a5614ae2ecf9014d6eaddfbb99b31e3878a0976a704ea1af0e2
511354516|Titanomachia|amphigony|454b44cae77f92ef95f347595e9f9d848d9450de56cd878ef07fd0b98b7ed4cc
289540424|suprapharyngeal|millenary|46fcb61cfa57bf1a0cecfce9487cea73a2152825747d024f9d8d900d8cef6e8e
492134783|phanerogam|whigmaleerie|59eb2081a8e2a14a1718e61fda0d43c482b29f7e8aea9d136a443629bcc0b59f
955897545|tweeny|rabbanist|fc6694355a513496a05ecba05de627a93a817208b6493dc5b4bae99670434bb2
979645022|tartufery|Alans|2e4db651880fd7d1b8e08ebd7498a523f2f4dae2b04d5f5c87f1d7689a8542c0
426937983|Kjeldahl|absinthol|57530a8ca728e00ed26eafe1179b9135245bd47b1679ac05e5983a90f5be32ad
101026676|examinable|prodenominational|ffd071ba310b82de18914e0556e1b7570203c9cebe780ff4ef104f3dfdd49529
829236819|slumberland|priming|682d85bb6fc1ea42fcba4dac5c0a469585c0b3d7593dbf69b2a1f23288d2ced8
498468967|tavolatite|orchiepididymitis|7952afa1c1e71d0263fd324a008a4123b5eaebd31c72cdf1ac98ded060de5215
264727357|semiexecutive|housebuilder|69e67cc041cd54b3d1315996d17202bcc3f76c493a58c96ddc11e0307f1e64b9
855562746|albuminolysis|sermonist|be9cbd2a1be14b3ce77f099833c1a533545888f8cd31305a8901263e384406d4
299515495|ectocardia|suprasegmental|49303d4347b943d82a16412bdc87a028f716de3e73a6fb2181a90db7f2ac777e
151596547|aionial|costotrachelian|0905ea654f9ba23f6df54ed7d19e1d07322f267ef8219b29b1601e5cdd43bf46
381749294|Arabicism|rewet|40d1d1354a79f06139aa6ffe51418af4e1abb8769b39fd1283bcd8edc59c4b15
829899076|metallicity|pseudosporangium|7e54c1f62073359690a5f656178382a5b8910ba90eb0542531e1d1c60d2edb82
861443837|metalanguage|lithosis|700cf2c931fd936c9573eefbd51030e54c1b591f0c99170a98e899b69d025247
427492259|Lymantria|scapulodynia|013751165f71353d091d86db747c4b7172c5d6494794489ec58e3f17072cc1d5
514809998|ungamboling|Rogue|355f4043bdf3dda722c62e8723e6e0874574743478be4bdf8d9afae57b45a340
491506253|cavel|personal|544b15a5c8984a801b267a1f8bc0c03ab98132ca9f6c70fd0815443d905f516c
277028501|renumber|isoamide|f051fe659816f3106d89b083bf9b8fa76cd4dd23cb9178434437f240032bc70d
542819015|critickin|eleven|93f2d306bb2ae18011e627d2ac10ffd2b8cdde583dc30df6dac5a5a413374cf6
388560167|precommissure|lungsick|41be6b666c720e5e16bd635a3095cdbd6c1bd05b94f2da7bb101d145b6c724ba
945258568|Mesotaeniales|allseed|146eeb4624c1ef4f1618b68c74dd1b41193f1fa5763afb92472607dfa50e1c42
256871239|collegian|nontelephonic|c9ab25e293ba267ee2f2f742c656da1d43b7de69f36549f3e86baaff60e2093a
302456692|simaroubaceous|averse|0bb4a4ce3d222fb7688761b01ef522402573bab44d9343995327f0371d2ac77a
842384745|beauteousness|duodenopancreatectomy|70edbc7a9330169eb467cc6f30a3181a346a354230bb8d82e08ac6d4324d076d
794154492|composture|pigly|8f8adac3f0fc8b873c2eda66d08612e3669ec0b4ef33f060513a400c4822e21a
695279284|sifflot|impedibility|89db8eae778737e338113100898a8bacb92dfcb9d7a00c66fed3335a83da548e
528959211|enrank|employment|f2fb67aeec53184e9874f178dfc48ed6bd671e57263bb3e31170a38c73cf6437
718173344|outrightly|Levisticum|12f85da5e16f7746b7ae39f0fcad8d2da8f6ab07fe5591d70c7024a8886d6bdf
263613799|sulforicinoleic|unfathomability|e811a0be6d1f48f04e418cf67327a64d1656392ab3e95d19fcbbe3747894ea94
964312160|uncording|parsondom|d15eb1336d384b44811a7c3e73e9493117fc3823cbd099409bc6b5ed80047c26
461500665|Oreophasinae|longmouthed|4edb4b6a1161374196d245fec1b624463f3b9b28322bdb9a570222c7ec21290d
161664623|semidomical|Notommatidae|1c45b3d75e5083da1bcca581027c7b850529dfa8c481379608b61eaab49dd39a
710262171|zygomata|presustain|c541b5f49c837586a742d51f60e4d14adcf7a7f1c580308b807b3f4360d0d448
831110620|temporary|fibroblastic|41edc7e82b155815c5dc36efadb01b6c52c1c4745ea33cf6a212bb62d1777576
771072943|skilled|uphold|d302b7975a8c42af8fffbb840b855d25dfbb5e74df533673307173dbfe721835
477564444|believer|biphasic|0627b2de13e365137f2ae3339881eb3543370ae3804fa15f0363049d0403c4b5
532713396|conventually|claquer|bd45edb71e143622edfdadf3e8fdb5373ce66179eb1c4498d45341ea22b23f5f
684591756|strepent|paleontography|e41446c23ed42a47a9ebf9c566899e71b2e12a9cba602e486508e253f9cc31f7
626894937|Sylvestrine|unquestionability|0a540ef3ac8233b992f324773ee2aab6cbf48ecf0fd4d6199923fa7d4ff74005
722684958|disprivilege|agitant|9be76a8ecf651435d8e9a5779a0223d5d0046598c7c8c386ef45403f52eaf967
344499232|poogye|semigovernmental|8efdf7efddd5353cdf1ccbb2cf1602a69c8e7a5ad928af61ee3ec2c0a277248a
496094934|moory|Tapuya|fba7f83542288b830ba7b796d58346cb093ea6ccc4e131652a092bded6988139
248952995|syllabled|histopathologist|fff061fa15bb9f4fac063455c29100bdf8d4d98a54819d85972630e8af23091f
658729387|furcular|veep|cc533d977ab363fe9f82f1a375a50489f6260a9ca1590c35464a57ab9b036420
987309465|smidge|Epicauta|386801fe317f3acb73be103ac436429062a3340d0f9d71b35e8d2935659f7173
595369536|forthcoming|unsew|ef073c8f5c05461ea8a33f14caae5d9bd28b14398421cd00559d5662eb6bde5f
175199819|bajra|galany|1d60f8d2173a11e2f1837322fc63320c3809482aec7e1631203f0be2eb4dd5b3
732913175|cuneate|seizable|b9393f59ff2cd8798847345ff068c0991b3d6f353253c88c274acec7f435056b
618840726|precuneate|part|f914142a3d58c5a47ff43c87be36d6362c782be263971e16a9b8ee05714f936e
241127152|unbillet|Coleen|2fa22ada73e9f30215f61619639468727ec5ea8722bc9ef9f11aa4304ac843d8
883518907|centrolineal|cloyless|1d373524f1354e20e546411fffbfdb8194573aad393bc8aa023a7e845173b0ad
579354559|corrodiary|sorrower|2d47bbaae151c70e7ea46bbc549db4d649dba583467e565225084a0b8b4f420a
546830907|Natalie|haydenite|72615d59c3346e01ba7474c94dbc3100b5043a20df38f4447c77b96799a61262
218984688|electrophysiological|authoritarian|3175d3e6ab284f9bea19aa6b6d06c457c6eb0207d01dc7bed4c9c5306ad046df
292479926|wail|Hieronymite|1320654889c7a79428855e3824e4ceb394b126d5af6a6707348981606c89dec9
530651208|erythroblastosis|pourpiece|ac68700f51d572d19229137ef607f1dd3803f1d432fc08afcbc2a3f74c2765de
460056382|unjudgelike|keno|19f294012138e2c169cc2a0eaf3298b37a1f3ed2f574b940a66a5aeb24f5ab55
699529563|tetraselenodont|plus|e8b0a6715a8008dbf9fe1bab1630d74c920bb9e352e5fc9959d8c353ab0e0dc3
278972744|unevangelized|glossoepiglottic|463862f72d50a559899d912391c1924c3dadd6b0559ba28dc39557fc52329b38
767039020|manubriated|brotulid|9eaff0f2378320304d80f97642e2223a8da4d13c488088626ef509705f7b6275
692166553|membranule|topologist|51d66287abf4740f694c9adb3c00b10d4b9e8be75ed65122f1c751fae5033106
362961340|ochava|begorra|af7704ed9a44ae0e6a4124ab0dbdf1532c50fcf93093fcea3cf0f61de8e164d2
581551647|imprison|alloxanate|174568707a52511ca885a46877d28d405a59133cdab9ba78409bc711ee42fb65
666831437|pinole|wheal|2c8bcefc854fdde19ae5e8b96ddc0a58584917008d15b03660bc70a7deb78d4f
243693926|isotrehalose|dressmakery|9a288fb75c9223ad1690385fdd59fcf75ee56b6451e46609b7a59fe0d7e86661
741739119|prodigiousness|Bullidae|37f9d6991f0510ca319ec2a7495d856d64cc134cc433f054ed5d37f4eb8d4764
881349612|Mixosaurus|phrenetically|a3ea24146d9359046e99e28b5b5f03647febb28831f4f99e84f124ccfc16b572
271444107|ochlocratical|sweatful|2f992f02b3a98258f63c9279ecbeb1b8d69aee89e421f097692151b0659c29c7
419519542|doublehorned|ringman|534fe2f32e904df6730a6a917568b8cecd3b2cf7088745d7541a9c161529efad
781265962|lustrate|policy|a7da29117bc557e3311235bec555b887acd1c576326fe064266a654630628f57
386211075|Hannibalian|propiolic|865d694df357c615364f9d42bd3870eeba0a7a28b883021479fa21c75dab65df
748979685|prepainful|Delphinius|1c0495f46ae02bb9df844c75512c14d057f9f9f3dfd04addfc02811c24060e81
647379780|Gloeocapsa|bookrest|37e3153cd13d09bb3749fefcd558919833bc108f4c6f10600ddc44c0b4b41948
447382117|acediamine|semicrome|86d92d1ded012117e5d53ce849c920ba26300f13a72e8cc3883479e2f8251189
592434307|manlikely|sergedesoy|81f018fabeddde2802b6b613551b45414d53c960194d412fabd34f6d2c388e9b
158578012|Samburu|rum|07070e9620cb4d05e2abdd3aff768a8b666fe788a7b932ceff91e807ebfe4115
470563059|obeism|indescriptive|5058260893bb784f5a780a1c4354ffcb757f5e682fa421cbfc38c9457ace4cee
879864465|subcellar|impulsory|88870f4336b6112153ddfbcc3d0821ad3227a9a6614f6c09aed379d483784ce0
349916236|limivorous|pily|f19fc49929cdbca6989935ac575ac687dafff666ac356b6a71e523ab6654e61d
825486810|staddle|spheriform|f11a935b99177e8c6b276ff88b0aa09a3e73e7a1a869da29c89e678883bdf295
157203458|preinvest|capsulociliary|ac539c70a7c8f68ec2c8766f47e6a20feae24b821fd3e723e0a37bce8182143c
189597241|swashing|stereoradiography|f1765614a47f169a1d032d0a99b28245b03d9ecd75b0a63c50926e29c5101862
419748604|renouncement|meagre|770a6f4798164f8653191b0cd9441035035ec3f1a66e2b6886dcdeeee60d951d
114506718|unlath|predominatingly|eedcbdf277f38fcd72129475b2e6d8bc8e27d4663a0413b24b9adefe94acfc66
477858705|melanospermous|parasitotropic|8f47d1075eaae17651e03ad13e07a52869e020f95b62b447aa98ec2c6b70ccd1
925798057|hurtingest|unnearly|787ce448f0c40c608b124073dc113c4519f8ef4b860036459394b4af77c98ce6
658430967|middlings|pregenerous|f4d9adb6cd2a78d7945b7e4324ea7ef543673e7d627ce1f247bb1c3a5563a13b
506336808|ambilogy|Sridhar|5efa9d2d51f2ff69f09eaa184640270ad38775e1e7d8b97abd39e68fa6643e4a
706518798|aspection|dialecticism|149bb78d070b12d22a99400602d1ada3c00a40038f6fae6770839db601b7e4d4
547742711|fight|scandaroon|cf6765b5478b7b78b5c4edaff68b85f1049dfa6ea369a7a7763d90d4df75c6d9
565833626|quietus|pumiceous|7f0aee842e81361c384f0306342d24809481dcd89df8c6df832628f999687a03
782495569|rapping|lobeline|9b5f9669757c36e3c2caadb6b1588682f928e68c5260246a198a57a6fc88ab00
267767494|trypanosome|swampish|fb4a46eef6696702e6725b02a18655f529bc083f1b68e8391d9df878202cd536
852284881|suscept|palsywort|9f0f74f666075869e82acaf07f73aa818aff84aa8efdf1d474832fa3f7347b9c
315081748|brachypyramid|measlesproof|95d98c9a91a05c7d5d2ba3e8a789b0ba7d57957efae5cfd45d5afb1cd05dde89
493605021|semistuporous|scleroskeletal|efd7381be03530d60937486a6b3db0ae6e2cd2d821d11040307480000a4212d7
978305203|frilly|susannite|2849b7486c21a6333c3c2798a04daa77a9626e72d24804a51aca1886c146ed26
118998875|cippus|neurogenesis|964f6d3744bc83f215e1af513e45713effb77140bdd718ab03dbabb5f85783fd
258167119|parapteron|heterochronic|3e5b66e5d0b7ca91ec8845400bad751ff3b023a0b1a25609a836ed37db0fe335
776026832|baryton|Polander|ea58631c668cf264b30caa9a7a52a5a420178224e4ad4c9d671ae4c7673bd92d
551432222|cadelle|chloracetate|ab3ebd77dbb94b8963ea84e1c0b567bf3ac9fcf6524caa77b05ccdc4ca99f5ae
386875073|sulphurate|distichously|c1ef85a67702d8170a945367150bbafff51dc7c6cf0c32fea2bf42f3f5f4799d
994632491|encyclopedia|totipalmate|92edb544d20b3b906bd62def68a59d55f20eef62cdf45ca72067ad6e742ee286
543818325|hemopericardium|lamellated|524b035403521b0c79e7dee4dc91fb668c6d3086cb3fbef9bd75649bd93d5665
218087753|Azerbaijanian|vicarious|9bec48566bc400271a3d898c510a57bb35c9d61af0b3f2baf224a5848ce50a4e
455746430|deermeat|freemason|3a25bcda923f5b6b6d1ceabaa7d82fbd380f0d1dc4ee6d0ae1027fb4437f4487
925795940|florent|keratoconjunctivitis|fc8a96e8e5d776efce6fb06babfea9286d21c3d48ccd5c6aff3e62d9249150a8
443498444|advertise|nap|4f7bbc4fe82cf91ea029fbc78fb389e857396fc9c00d60d87d7e808b1627ed8a
378158846|villatic|Dermochelys|e57426369b80199920d8e2abd33d528965ebf797a4049a06663428f35c0a7f8b
921425393|guillotine|matagory|f9883f5daf35a840d83d6c501716c6b52f6f9c9ba4f43ae5ddec142fc9b01cb0
605214326|unreleased|interseaboard|9ca5381f4e189b01849d3bec0bde18b29ff635f6936275bf1eb330dbfbcd7429
444104931|psychostatical|mends|f8dedc1253ab150792f9338de694363ec6bc507b77bf9324043a7b9c60275b4a
724943924|sorites|obelize|8a4265c511e76b8f3fcaa2b5967433d6461bc387b37f7c5053fe04d4289274f7
201191966|superselect|unbesmirched|f3ae05a275401dba4c0246af861c167bff316bc725ff154cf415f4ea085a311d
651360570|strapless|plowmanship|9cde34be6fb7c6245a1571eb4303baff6cd3e5c767e6a067bfdd2950dee35ff2
768827333|godwit|enlodgement|43fb54c66ea9f1503d9db87952d311f9160002a2120bb00e402f03e85bebacfd
854453105|vociferation|batsmanship|9e9a6b4d7eb12674780364486cf9434410ac7cb0cb9306d7a524c2d1759263d7
405665747|isotomous|blithering|848f56a52e41058afae0dac31688bcb49988cbd78808ef4bf28d2f1d572fe8f1
310577795|Ardeidae|cerebralize|81e07a9147d364adb4b965539f69a2d4a50dc90ea1a730db58465197d3793106
689852354|exhaustible|probattleship|60557dbf4d1b3cabcc203ae81840127fe2ba644283d957c07ec112a09210e481
948246722|dictum|idolomancy|d4b760112024b6dc0a7218cd142c6150e6dab066279d51021f1b4ed3a303db0c
396303174|malonate|theclan|9e31ca8b539050ab0cc18a17cc6e38e8830d284a66ba77767759ff0aba3dda3d
483267412|browless|Phylactolema|e27949a5c451ad4c34bb1ca16dcb1d6489d3feb02e5179db48ae3e89d940e228
315223087|superinfection|immarble|a311284d9d9e63c746e2ee9238f93ced8cde1fb9a21524bbb2fa4f49b16c38c4
260302165|Eodevonian|smutproof|2df0cab3ce83cf503ec4b894cb25f3fe9c82c732fed88207f04daff01d7f0bf5
376969902|keeper|Aquilian|c0ae0b92d665e6cf3e5d589066aac36c4e938a69658b3c267bd7ad05c66f4cf2
883398732|paled|plemyrameter|2fbeb8f0940e610f7c6024ebb09f5ced0e479737f686405fcabf785b10a482b0
200859986|spinocarpous|duodecimally|148d76b23b51993228eab46782463e6a33075ea85f01574ec204310d3c3fcccc
542807269|interrogate|dervishhood|edd7c23958ea84607277b6e7f5bf27aeea2f602074e18d1bd1f36c84258b6cf7
402021772|coed|gonal|633c0cd32ee93e7f7f9b069a568bf2143bcee70eddb5349b7e5a5f6fc0c0789c
188621238|uncrampedness|readjournment|b77aa24c835bfe954c1fc162b117b472573a68fc7805c0b40ac966f1f46af873
302375323|ileon|paraphernalia|237aa729285ed6eaba5ccaec0121517ce3a025bc2dac4f39828a7edc42ac446e
285084397|micromorph|involucre|fa0943268cb4fd1bdcba5738a71596df3b3241f0aaaa756ccdf1262a438f9bbe
839940959|similiter|turningness|fcdecedaa3e6c4080ef3ce83d0558d234772af739bd9633855d8abf35fe204a0
149649285|orthodontia|goodyear|ac2653a57e74ba7b7aa363f2a3789a9b869a2f7e628d4a7d1e11ac922e5b0ba6
943855343|costotransversal|alit|76f6aa7c519455d7c803cf6e10ae057c27bfb4341e8cdfdf74797f18f3a6413e
507056013|aminomyelin|stenopaic|63de2bd84b0370aa8235a5ceac8099b1eb8035fbffd9b1e6913f653734704898
427549499|Freudian|arytenoidal|0949cb3cd332f9ab37373610b0a2043b820359aa929bec5519ef9de5df2a7f21
948349378|sophomore|unagricultural|b06a829837e01661f9f753ddb07dc24abd6b4d7103ceface8ee0b1dd9145dbae
767940234|canille|utriculiferous|7ac357b527629ba6cebe3fd5634c2b98f6bb2c13466a8b54d5774be5fce21eb3
555532246|confirmor|lentigerous|3a37998ea302eafaa183b1ab8827b5c3ee98e933af8d3efbd7e030ee0a4dced4
858747362|bonelessly|apoembryony|0f12d99c9138d6538c6b1fe52cb0d6c99fe4602c7b9c78069df383c00fa88f44
691816828|wickup|precollapse|8217f2ad3af1df12e5436f07647b87cc84a7b6da153a1f61d18126a393ba7fd3
454006042|alamoth|multidirectional|dff248f4f3c928a7cd1340cf1bd62e7db1599d3939657b7dea371dc1c13b3281
252289869|phosphoryl|deiseal|cf9fd19af5e6515fba947d823e44e345adf695b0103be2599b64808e8e55fa67
844790239|nephrotyphoid|downsman|262117fa4df12bc194561c6eb1692b3c9a18d5fcb90696feedc6ce649111e0c2
468345155|majorate|blindfoldedness|321a463fa92bb8437e453381321b845b5eece025b6568ec96b6c5447ff366ec1
576549792|bebrush|topsyturn|5653d8a176f1e1e319d53e44eb2cd752b1c7d5d038b8a0c60d4a6b0f47349b31
381161700|electrothermometer|subserviently|705185b28183d2a2e66c58395ecdff34ae83b31f14e0df87d5f2610480c24fae
904126515|kaolinic|unfauceted|2caa13b1800f57f49d8f918fbe731d177f0f1b9d6310b156674d5160a1410d5c
287329311|unconsoling|gunk|33e8e6b5254b8c11b19573995ad798533883ba3b36bb19f130d35c79267281c1
675705306|saponification|churchful|ca90978c4d765c8a794e7514b0de9cefbdff72fddf3eb8161e6b7f8a340ecaca
365814910|Shekinah|hypoglossal|91ff124d641d86ee2ae2be8e747b2770d8155ca77dad40a735a3f71bb50de335
456719601|shipbreaking|dollar|159af0fdde7f7b655d3fe29754686cb1b25ee74bc16bd2bb8389b560999c2c99
390455922|cantalite|panidrosis|e78fa78a8239b5937af08c6b36705d85ae298853e363fac5456ebd89bc2f2e9d
598835411|spousally|superfix|38df8c0b3cc25542429f5c73c1f9eb4d547c4908530a3eceecc0154f41c03e22
660914594|distraction|reconstruct|6d2cb495395b6a1a8b0986932aecec299cbe77b427e24840939a446865005e2e
856047978|polyneuritis|outmode|a2173ed2f7a6aadb4baff7ca8c62ad266a10b51528de50365a24346180afa223
885501835|puritanism|intensify|500948987bc23ee10b0cad13b3ebfc9bb5cecfb4f2249a4afca77f4312ece5ea
779734398|Icarianism|mountainless|da57fb6d4cd88aaa9dfeb6e2950709f309eac6b97ee0e5c2c3422d48538a7c2e
812388196|syncategoreme|unlook|89cf45f3e29d13527a373ff0dc1b4f3860b095deed27ff73ca6805580b5ec2e7
368902928|refathered|subdate|3a880fadd1c4fb614fac19b9023efc8dedac6fd421a9ab32eb86bed336fbcfab
299091799|antroscope|luncheonless|6e6f3757a7e63d09f2968e4fb81713d66cf7b3bf2fcd4990de040e32fb5761f2
759505937|hemiparesis|unattempting|9cbba39da3f2f87c878d81ef068c29595cdf4a03ad2316f9413cf854e0b2e8da
744076707|decolorization|thricecock|281b0ff9607927b980a7be018bedbf6e834415eb2d21621ba857e244d3eb7a3a
183299287|energize|undercut|07b51e6e29a9f6359fc86b489c89f660a7ac1bcba57ed3632bcbe11648437dec
539633867|compromissary|mordaciously|ff27d8905db4b85c9e518d6813ade5a05c47793049944b7ab3b75ad7e18d83ce
847497916|florid|Kerria|a5dec67ebaf8b3b0a1bcd09c8ba1185325d69def8dbe3a11d47e2ad5701f0bc7
628852902|probation|congestive|ab4b01eef06d1dc52de9f8faa9e89bba06726a4496ca131a12a7c4cddb295bfe
717406269|Bloomsbury|antiradiation|8126b3e0ccd616c3c626e426ad2987936a26bebc13a86727ca2c31a0284d4cff
829723751|trachycarpous|Gemmingia|0553f70194e1192666982521c556248c0b1c787b6d11a97cbbbb92efae3395ed
743156440|survey|middlebreaker|54260b15378a2255dce41b2d3337fabb053156a92cb037bb4781694c76b6cca2
410944891|hoydenhood|penaeaceous|04b6cd1f581f9cad8e1ad7d8517ec970943cac37382cfd5863c68a941d676e13
254391500|witchcraft|dermad|fa2d117b4f0aebd8b41ffe9dceba1665a2ca7abcc00b1bae95882bbec1a6ab4f
430048700|treasurable|negotiable|8a7a601dd9958981e3c087b08665a50840d6682013bd24452bc1391126c4a410
536621347|antistreptococcin|trilabe|ce09372ddc86d9ab9d7889b5e8eb3645d8471abd5eb7e949ca5387d1c6a7db01
630084519|trollops|gingivolabial|f93c7bb0ae815757b2498123b4b4d14524bef996fb12ab4d2e295e9788d0fd12
215768442|unbowdlerized|peritrochium|bf36fddb303fa705795d7a580fb549af5c58e3053beaddc543807f963e35bc0f
844284396|unteaming|neuterlike|97726f6807d4c1a1543fd99a208367750ec76a200965e78274f1e9df47c5dd1d
825576252|sowt|unvoicing|4289e8f7b1d63d967aa719be7987215cf04b0be2367ff31eed1529f69acf96ec
761131919|gentlemanize|pediculated|9db1c416d1aefc272b7b26393f569e90ef850505d5302ede4927b4f3d43f1328
596753233|astigmatoscope|turbidimetric|8cb8b2213570ae3a8d4637dd0497a52d916544d27460944566fa9e287fbec06d
259424269|apiculated|antidetonating|2082e8e99e249ee7d135f58918c8f6fabb1846632903164d5934d6ad257bbc2c
354595295|uninfeft|isepiptesis|a451fec5dd8bd8b1fadd2bb0a617dcac8f20088f3b8304f6a704c9810160a5e7
647010822|casino|cepaceous|3b92dd63c5a544acdec2c00e3822a5b74ff42cca41658405e00e1607d08d0774
336289486|obloquious|barragan|0335c41a887bcf3a6f256901ad35a239cdefe9a13f34c1936e5898f0c9b4580d
837271861|unwarming|epicrisis|3b96768e549335f7f92a76fa98f1064cea37ebf51ea9e28ade6dfc0c3f81619b
481067102|sodalithite|polyvinylidene|cb61c1ee9794ea6b5cb623b3aad7a227899a5f3b41272c6dc8166b00916922a9
613122310|effulgent|departmentally|7bccc65704005a887b33c614e9e0d3f24b23a1df2c1bee7c3cc61b1591028212
848476705|admirability|flummydiddle|28eef049e9d44a5573c33fd88f8df8fc93769616c39b5685fb8f2ea2d996326b
413281979|perspiringly|paleolithy|5ccb4e7c2d75810c06aa31a85efb2b6c7f5bb01fd9b22eae1e67bd4dc6f9f73c
299126606|vile|enterology|24375fcc3b01b1eb17d37c0e72545c220568d873f3f17760cee8caafa372de48
936169498|Calvinism|misreliance|100c16b57c4121c50ad5150482bfb9cd648bc0b22a6312db203734c2f0a8b5ac
277212068|savagize|ecclesiastics|73a10fd3e622fd8df23efd8a6d4b5aa0c5f6f4a66fe2cb7427132f15fe511dfb
388549497|teetotal|unyouthful|8ca4e08f8c0d652ecc1ec2ad1027c41653996e2effb771767253c87a11ec5be5
902990520|trabeculation|sternson|0c8e522667cb4a9b607e00d25c3a2ceaa0429cd045ed163d3e77f8b0fae04c28
365229600|insinuation|quilkin|c1d332b80b14a9e04dc5cbbd731c4e5956adcd4789cde15071ed2854f257b517
151996793|Platonizer|perijove|c1ba364679dda264b5f0e1a19aeafdb23f183f4f98a16356ddedeb80c58b1149
143200210|substantialism|cousiness|6511f9926a8a0ce0fa983c721f6732a921a61c883adfd6d7a51e64aa65bd225c
973832722|unchipped|hypsidolichocephaly|6f1ee907e06b842ce1d786c3e91ecba6a138fd0925c6a8b9cba465fbe2443663
995209203|gantsl|matrass|0a4048050387cc4c00f7c54842c53ea947bd372d19910fcf64f201d84d895ddc
744228101|alumnus|nonwinged|10516871b0f551024ff6dc884f7e054298d1d30a9e07166f4a4482fd86c8ac8b
512536608|damagement|waxchandlery|6cabddb5dd750dc18147e79d45a4c3809eca906a2e599aca974cfd106f87d1d7
580539613|indiscriminate|straitlacing|f660012a9156520087e2adb99a2faf3b90bc5433f2f4fe55ae22877faa8350e3
975383952|proo|overforce|ec7ae38b290eeaff2e275c97d8ca10af3c5f1d060f516c98f9cb239adf401332
345770810|preprofess|biserrate|699cef3f8075910e25b9b545f9120cf054b52b207a8d14ef0dd8f0bce00152b7
818744425|terminate|unopposedly|15fddafb92c9484df81461611e2c3d1a07ef2237d3eb37aca85585d467b7f383
634145461|ecarinate|tridynamous|28e6e462a5b2e3706b5e5085b77872e4a3761f4efea644e1f4d3e41a3452b605
660343570|epithymetic|nonstatutory|84e566e89f4122197d673f2a2c52b90fd8cf2f3b0b51468367db23afa5332f95
287534842|haytime|crush|e0f13eb86226fa7e7f7a02f3afe6e7d102da0cb66515c81cb37dac755ccb8e85
164787560|portahepatis|organophilic|be8e51467cd8a9237ed33ed4221f975a403505972f58d39276abdd62145e0774
935781287|reavouch|unimportunately|c3ac6c33e9dc4d26b8456ad437792d8d29b3ed1dca314630784635e5a5c4f313
732310137|semisuspension|dandification|b311c1c14b5985c875b76b826f1016c6e0aded93ad08b8370291e7915d52337a
902382020|unconstrued|Kansan|750273f50ec62afe5aa8737925d1b59b2fa8f8fbc0fd6d3d9ace5db9c396879c
203144747|hydrographer|unfructuously|3b66d70be98b1d3e9c390fc58f0afbe0a9cf77ad41cb64fa8f0369ff2ba23be3
762523475|peltigerous|depilatory|ee61340ec2cf46bacc2f888f1f583d7b58998e9cb4495d3622cfc8ebfe18ae7c
284488233|Tagetes|mobby|708810b04815d4a77e36ac9ae54b1821c73c459732ec78ed46aa481479c2c9c4
834053037|evidentness|extracardial|f7126ba9b57beda8c2dbc7f51edb46ed19dff8e4362a5f171d40476b5e5de651
747955355|turboalternator|paleethnological|ec53cf1d860087fa2321478f80069bae527b4d9f6d3785b50c1978aae19b1010
815492509|actinomere|nonphonetic|5eaebab2e97b05b30544cb9f8282d358fd9b20f1832078539d71113c50620c3c
977110196|echinital|phaneromania|b77fe68d0304385b4408e88d9158826f2f1b0a3262905e66edf20bb22cc26c8c
476216354|aurodiamine|cloudlessness|888cb1847aeca23e57c673848fe9a68b0fb6a99bea2a504b3f626c0faceed5a2
971003143|coconspirator|becall|2c462b44627eb0872756fa5d6681b63820afac4bd3d16b1b79730a6981af617c
593521103|tracklessness|nonpredictable|a6366a5d658bd1d3878e2ffa90b948770910922cbd970cc77782abf050298823
397300955|superableness|spoonmaking|f4a73da4a730b5911e0097d372096f377cf5f6a1b19da4fd15737053a2eafa3e
350127007|hamletization|augmentedly|b1183e98ce33f182b708b7f04e4d82f361c8ca1b89dc1e3343462171b879d099
506142508|nonimpressionist|sapodilla|875639285cc3b6c1ceb4697ea242abfff7f524933047524c0066b6422b7d67c9
137232263|pestiduct|loess|9e45a293b5cb03fe988dd03a9ded2c014481685d12cc31da431e08f2d75d5e84
866429658|adhesional|anthocarp|e38555ae8f74dab859862a8c1daf45d8daeedb0ebb0a81c0b3f78f99daaba883
873381580|nonapparent|ration|3f6dc2d364723ffdcc899459e4fbeadac1685447e3394b6ad581edb8ac019912
633041199|quinquenary|synovitis|24354d9503e8ab84be6742d6fd2661ec05ad3cb3e60376b2fd61d63393681d56
499220847|schoolteaching|heeder|4d63a48508c386f6c741ad6ba5b9ea962da45f470ba69d2f398f64b4d789dda9
636188460|Karyolysus|skinbound|d349848cfeefa5bcd7419a2728ff84e6f17b2e74d03aa8d6cd0361922f9906c6
840814717|inefficiently|cupel|87a4104068115f3a7ed1273e6b89424d101c5f443c2fc6d18627327695e8316f
663923613|defiledness|darkheartedness|25bf7123ad7894979ad0e7079669aa86fc5d7222c79421763e2563fefdc5b656
657676392|adephagan|bimucronate|194960e867b0c0d671eebfb193cd63990b0ec6b3628da89b9ea83af2b7f573c2
485330013|centrical|redoublement|a64abd5b73bef648ecfed98fd657e064cd9fd6e16c5597a2295bade2cd8d087e
881539533|devitaminize|bisacromial|1da34485f5f5153aa3f5234d6d1bcae4c9b0ead815ae291f4bbc2d7ac2abb4f4
836071399|syrtic|acmite|b0f9d551b1f1363fe938c53516f946052b56720aac237745e87b93107643fe93
684093295|huse|oophororrhaphy|bd9e927823512cb2d454e6a7d7e8e5871c55c8d59119a97e012a631d75cc14dc
382506675|thyroidectomy|recreance|957c5cda8b692d57951f3eeaf2f17b9aab3981b8b0503f41a9102a1f5719e9e4
776565797|oceloid|forage|24860755e3ca596d8880b5a83dfa26493e702781b63e7bb4083b9d128213d975
144979826|overseasoned|selt|a391712b9f03b48d5edb9fe7a9293aac8778efc85943e3b12d66de4aa98936bb
881722106|layoff|Guauaenok|4ec0a8b98cecc42016b9302e9b2e04b2a7bc7643a3aa4d36d2a18c02b873d890
118195917|quadroon|Ovidian|3d9f4929c8432092c410c2c18b0adf1251e694cc39de56aaa8a34d0ebf15fc75
779164236|waterleave|dermatograph|2f56cc7cea62b60db66eb279f09a19390250802142ed3e58013064401abef930
683066688|Reuchlinian|frenum|050a03a6dab1924e3760491e7e2d9db17a57d27b9c3c66ff422b79ddc0b01671
930024674|succenturiate|desultory|d36359df5efc300a6c8399c888e6e114c088a2df935cdbdf05d09597e7f9ac0c
699479855|coranto|viticulturer|4e721cfd348d8390bba3910f0f747b48919dabeb4e1993ebf176b8e93bfa1d78
231809139|atmospherology|smug|869aed1239c74233fe0257a4b724b1affc5068f211b454bd95af553cc1fce9dd
888620638|dallier|clasper|76892e4e11b9bc03c5400c80e2a1493cb7302d4341ca57d330c45483464a48e7
943742424|sunproof|gallanilide|c8c56429ecfa0412c4c8d269655458d3c0060f788a7a70a4bd101d47d13db6d8
439377289|pronounal|panoramic|b0d9d8cad8efa4c3bbd185f95c345f1b24e49529432da2dddac625cf661b43f0
637263758|unmanageably|stylite|4a5626df04ad69c2a4abfd770dcad24c37228d08d05f40f5e320086861ee7615
621476164|genuflectory|atavistic|3ee81c46393ce55a10cf65f8240a866914f2425bedd3690c6267cc1bde827e65
993188001|glare|meridional|7e43036199da41ed24e40ce0928d5864a240e212e2a35711f9d0bf35de780d13
170255936|bibliophagous|lymphogranuloma|b33518bcb47ebf4d12dd934675b96dee2fe6746cc6e9d6b56c8f2ea51066f8fb
256972193|unconflicting|kakistocracy|e926392886574cffcd183fef4f0680b0286d225a5340f998563effda7c4dc842
374517751|lenticularly|oenopoetic|e87f544eaa633094f7c386a188a3815ad3b30657af3195e1b117f7490b207128
540813770|birch|semiparasitic|026318fe46a4e697b2b288b8de5ebbf49980682c5153e6053c71f7f1873a36d4
375943827|agglutinize|barrikin|936942cdbc82e952012de7fbfa75535bd1b5f7ef2e730a3c39776cc5b94d1275
740750111|nonroyalist|heeler|28f00cef36d0a324f48b3e7c86631015a7e78912a53042b1bc16a383ee218ead
893649092|scrod|turnpin|08d6875f5d5ca396c95ac6d6dd00d685c070495f6486ecd12e09254af6cc3560
341127327|veallike|beglerbey|9133bdb63cc50b48489be302a9fe7c1a21a08aad79e2d08562d64f4515a6a182
794003981|delundung|tarlike|aef4c6b53c9b319f7de78bee5013755dd629840645cbaee4419bba94eefa3a13
106588303|intentness|alienicola|39a9a9a8699164dfe0123ff27c2570832c9999f421ebc2465e0969efec3ea5fe
955814626|leechwort|parataxis|1629de912e9a2f042f21e2ccfc0d0ed01d465a54c7f0046b71e4b8833c4369f4
997074089|aerocolpos|milarite|cbd459e3f542c7509a37557306a00d8b690f1fb9281d6c1857d8e78dae371e3d
574497889|immeability|coster|6d3794bdba24cd22c357a7f4a8aa64111ac40d52e3ce6131d3286bd9144aec70
475220871|cometical|clubmate|9bc742e97050efb665cb6d0c80fb596ab475e701e82d0e361db6400b6afa1d99
140911861|dissuited|protelytropterous|11fc171ccf3356ff679307dccdbd2966c06970867560bbeb0f15c75ba4107642
660656652|mutilous|corycavidine|e3be8bdade2e74b61ad0b1593a7fcbf01b013abb48adb028a5771bef166da85c
862590732|untemporal|bicrofarad|ae45b993a360da2632fdf6da10e0849ffe6d308a08c029a66a91cd3892231a75
218323316|rekindle|dichocarpous|c43708b8328de2f4f68b802a0edf1ad7a53a8201ad156781ba928ff6f73e44eb
643754741|Media|Guaycuru|085c92e87239957ed486aeffa8ac90444c89df0b9a44815d79a9aeb91ce6e373
114844338|untriumphed|irremeably|fe8a231252dd24e336977a7d8ea274d6801b58dd28524ede562333fceb67cfd8
464080661|saxten|hierophantic|452c916d3026ecf3630a67f77cb4417fdc7e90e31713017d29dc361cea1dae86
861419190|arsle|tubercularly|84154332b8ae40e53157acb0462550ca858acf2c112b38d424598af55d200250
109643208|effigial|syndactylism|4bf3ee15d3ec4ce23362c06f2bbb13c7ba2dd66c99ee4fdc0f0c2054d9c87a75
288681612|toponymical|hayrack|4852ac6a77852a6e77485e3b861659d644218464183e3a2d14a154b181cb4cc6
772494897|periostracum|dubby|ca7b410397ac490152896e817e2bf44ad23b8d6671db8a712bec1be032c842ae
362826795|unsymbolic|tentamen|094772894b1ef6f6f135c51f34f4149a2fe8dffda445890ad3381b05828e06a4
974181402|Lernaean|abusious|bea12af451c786c46310c0e1ef1c985a40983524357fce362c20eb87ab6e65ad
830558274|plenarily|chromomere|8af5d9844560975e0a5f20196f4141938e6e67dcb90a22fcfdfb9fb0700f6b43
996358312|plangent|double|585450e4289c15432defa2552c65870b707027250a31f5160fd72577c482f53d
996989135|candlewaster|branchiness|d20d769bf8c1e2e6475ed4cce18882803ef61c17dce0bc30d065bc22bdbe4294
143787271|huer|blat|7a93128584331a9dc02efc21efeee42fc0440edd6223e6caa080da3b2ff103a6
240771119|notopodium|nonvisceral|8b3dc3f36f2b8874bcef19a614aeccb86b92debe9df6d44ac538c51fe3173b29
684147513|gameball|flowerful|607cf21d3b37aa22f2a440387218ad49d48c7966f78add43fd1dabfdddd34342
191900958|noncanonization|organoboron|ca141811c947b8a9b88bb8d945ef9e6703bbfb3d5cf0799bb732ae29ad596440
531823411|perilously|tannoid|724616f187d7dc6adb6c956c1c1cf3890833cb0064b76ed8c2a0664726fe68ef
583507712|overinterest|reagreement|100578f850031aa9664ff71de08246bb9671bb2672f71b11dee3c7d5b10ba669
842478886|Pavia|theomachia|1ccd8c13919001629937d19c3f3ef52d7762b7b9e99b2234d024f15f81ec9d1a
755782606|ubiquitousness|psychodynamics|2b666431bfc10d480ec6cbcd4c1d7e5375d586084fa56d0bf7739743eb0e7547
904161028|proctoparalysis|doctorbird|cc20100a361eefd4ebc85df806a56c461857a787349fc26fe72d76c4562e7b68
300342536|nam|Magahi|8a0a6638bf85d3285b6e67221d968f9a2fc0aecc46a57353e530488e2176995b
635548289|Antheia|overdecorative|d90151bea1e38eec243a7691154d48c60ab0bb0b2db43e15a3533c9689db8367
806898650|unsaturatedly|blat|21b17874d0ba60907c8fcd958de985bec13b5b0b5976876623699f86e5c7ecde
445037268|scalelet|business|11e46ec429f8bc8e5301d6f789582a3b7a237350eb110b012a8761062e61668b
968869464|reford|rebutton|da36e86d9151b515c7a9c958ffea3c84435dbdde7afe3a121c8a6b80dae252f3
667267083|myelomeningitis|testiculate|94857473b16177bcc3f67427810f96a9b097cd1e8ab25338f79ab27a65ffd0a6
536756358|obturbinate|stomachfulness|1ce5e68346c357fd1293dd2c41060857bae0872cac5e57ab489ffd54edbb4c46
811417015|hydrometeorological|lormery|43e77b2f91b0a43b3fabf89fff518a8761d964e1ad145d8bea1d122e22e2ef11
894040239|unhired|dreamt|9d8fd4aaf4c45c7374a09427a191c0a3586f29111cb42a46038ff94e39e4ceae
660300408|franker|subchoroid|82b8a7f0258d5a48f6c7a4fb622a9901335fa311bbf16d20632a60ed7b012166
137208392|epistasis|walkway|078c666318d421e802490792bad461652ff506b82c8bcca9ce6c94c52c7ba5a3
287425595|corn|mineral|23c408493bd6ee4e564c7206be45a3f71034134f63cb59ef0f080a2ed9e4d9c3
323084204|skee|despect|63f3a09b31aa91cfbd2ac0a51728a4711d8e4303e285a2e6bc3f20ee7709d3d4
729727320|sneakiness|pamment|e02d17d035f686a94850c05a0dfd538d5ccd422edc6eac62a000c46d19443f05
790605151|suffragistic|filicology|b458f8966178890f35b0e5cfc10b3f7b61894e05b62e6013d1746d271b3444c8
568165287|unracking|sounder|aa523f6ec58850ae3558cc99df352c06a18b4d0eb56aa329a979700f352352ff
395060171|ketapang|wrastler|eb3815537f3ce659b204701f0e17e2ef34c572f150c4035eb5851c0028f3e7d7
636755331|amygdalate|decanate|3dc59cc6fe1377d10f549f61be17aa2eb728778bae336b0b90a7cc559b09c9a3
135765954|spherical|sightliness|0847f17b35ca05207098fad379585b5cd14ccfc2ca5f5f73c80de3f62379de73
649489252|noumeite|vakass|2eba1eb32cb090670fa38dad9337ff97f3935320fff849e097162b8011ba0f42
647995456|pentadiene|myelemia|06cc3ce8c865b005e9fa4b48b6206d5fad618562a33c7679dcd00e12f625940f
563886712|hordarian|korero|e9ec89a96790d86f596bb8e6db0d55805a6652c17d67353403e82a36389ee0ae
407980153|akra|royetness|f6ee42c1ff0aeec0d5b0b3df6df5137a5c48c4885c4fc68745eeae0e80a86417
547727247|competitioner|bromomethane|e0bc9f0066e8965a6eb4708688b61bea1516a310c63691c76fa5cec5e0d01a42
547252961|yeukieness|Lendu|01e2fbccd60350aff2c512d784fd9147e814f8b74a62ff740687c548135aec30
464027767|dowd|instrumentalize|386fe39400ced8e670020b9ae5c2d0e219604aac1f8c6084e74b952682b84a32
336425872|ideophonetics|archoptoma|f386c69c1a23bb15c396a40fb03a43f94f23e27d1c4337f317cfbc07fdd50396
647458043|jowter|scoria|e5ad311f6565cd7d922a1fab93e32e6013ffc78bb095298e0cc147c07dc9940e
645567364|overgirdle|enchest|9e795f2df20711b49fadc13287ff9efb44b29baaf0cf200b003440af6fbe8e07
457992100|brisque|adoptian|c4623b0176adb0fb20c597510c575dd771352f23c8ecbd8a23c7847e45495917
704457912|varved|supereducation|75832827efed37829614e5b0217e44f27e473c0b1f7a09641e9ccc0aef90546a
335323235|ovateconical|unconflictingly|21b7d174c44366bdf667d21d45438ef2956a7496b127404f4e9b63b8f2a5d78f
616404450|incomputable|dolichurus|022056d3f500d35336549f8abdc07271316593b782b2f32e4648f11aab2bd6d4
834386981|ischuretic|leatherwood|333851280cb9ed866eca47343387ef2f3f6433b6f7b0d456b8d8f03dbb71a477
735293075|oestrus|disposingly|f9ffb4c3a46589e7006925cc40a4d689294b889283a4317c501e09c06984612e
407678834|tetramine|rachigraph|1479a2d54c36eff830a030c8d9402fd70a4397eadeb01dbc23cc6652d3837e06
329162934|calculative|pollam|5664424a23d6781f2070990d5513e628dc04623a089d593a2104f11008939025
185780817|haplostemonous|inerubescent|74ac83ebbcc9fd41f2f818af3f754d83174898aa03dbc76845ec7734d4c4da39
928024468|professorialism|inhabiter|25876cbc27bb127fbbca2f756ea143c7c7e2bfcb4513ef4f82c1ed5b7d91a7f8
571069067|zygosphenal|tucktoo|b15a4573d95f45d88c4d58d264cd1fab28379a4953531da27d73fc3d05cb4c4f
794880540|foundationally|grimp|e437a11cda3577a8f2be248c6e3db3310604579a086f88271618feea7619bb1e
196391095|endoplasm|conventionally|750d70b09bbd755711902b7d96530ebdb4c173fd7baa073b3b243c4fec82cb55
626019594|alunite|proglottid|35e1eca52c4f253d46ea8335a3e4e707e47a9137b5bc0be21e9c37287b314d8f
610050171|module|maunder|74c2ca0d013d4252c545b7e4f2e8c3a9e6e070cf6f7276b28fba3bb21b43a468
260414556|gasparillo|thronelet|9efe2c4c1bbd5c570bf0e04338755600632059d696894f00a40aa4b8ba231762
499799829|pyrosulphite|mucomembranous|4abfb30f293680dcbf82f6fbd6f603aee32fc1d9995c81fe6742d9950c59f217
208492593|doloriferous|bargander|d01c01ea47626c6e872b8ed322fa2b1d8c4697cd2355cdfaf2c57a397e838fff
305527344|quercetagetin|chondrite|d8af3846641e1f9a2f928a455f13ba5bffe2d69026cad9d4be4c0c4967b1d597
347169326|unshape|infuse|d785805b0a9b3f8e3f0894e0300e7e723ea94fba5a819648a7399b877a329781
721971470|pondlet|undaughter|e5a2d7f8ebcaf50421eef0c06bd97288de0ead91d28abdb7e58bbbd678464696
289295998|repressibly|manograph|b100afcbd47b47213f7d2497d7724834f427d4d47d33fa8f6ce02f9b0e35b1ab
111651924|demisuit|dislocability|cc47b70acfb2c3bca27adc7a8fba7953253a9a863a22363f043392569a80b6d1
558661530|meditativeness|bakula|09119adf625460724ef14eecf42897bce9e7246dfc154a42f0f3c3216fa87e05
