sequence|TLEN|data-a|data-b|validation
0|22|ventricoseness|gowkedly|eb1d27b5e6aea0792bca8e16f5461b83a43a2ca730ee3667f7d13049389fbba3
1|18|thaumaturgist|Olson|e7b254446501bd4ff4db9bb7f48680516e6d2edc72a4a2fa9eafdb795e861492
2|19|mimeo|Myzodendraceae|359b17c5daf540244c69cb64dd3ed2f243581c6983d191e285cb5e1c9eb1bb46
3|12|amyl|homeward|797f71328f1fc3bc8806116f851771858235f2630056103467e4614d492c018a
4|20|phthisiology|tinction|28bc058d3817141d3b181bc38ea7259a4eb887cac11da5bc4596a441ce2f7622
5|25|enterokinase|Noctilionidae|3950923c258ae95e231af1bad5dfe2e1e4305f64b70f4d49267cf99fa96d853a
6|16|coruco|bribetaker|aaf231e1806fc1eb37fca4b05707a752ba4dfac8d793e7d0c31a2372fda151e0
7|16|obliger|asynergia|e7964bcc58172d470a7568fa1d644961fe197fd0f4d3ea7e599828a30841ff90
8|19|dinder|berginization|13193a8659c5478fa779ea2eac39b7a1da4850db53925bd7716039c6d0e24866
9|20|unplausibly|footstick|75ab566e9dc0eb6e63d5e8d234f03141799793f8caa5252e51b81d33d4fdb764
10|16|vistal|unskewered|313c4483fbfe374d8913e33386c93ccf3cba586de472bb3cef494e8aacc2aef2
11|13|pallette|Twana|01adbc44332123e5e7a15b7e5ea74846eb60f8a6e7040927bf669d892e645e21
12|20|waygone|constellatory|8aa6907a5d58b96ffc52b8496e88390dacab2648b4e3e43263568d78f0185991
13|22|anterospinal|siserskite|201226b1d5fa8f9c57d6a580c076f6e626e539cb7a030b1a575481033d351a08
14|28|Palaeechinoidea|dermoreaction|b120bb93b298c459361aa830ddcffe7f294439b2bde4ee5b4e8211841b593ad7
15|17|unhurtfully|cosech|9e803710bccb69fb3c66c102c4fce1041a0ed34177f1c17fbe2f3f70c3241e83
16|20|defeasibility|mummery|785b3ea1fb0a96a2f95a9e106d3b531071b5a99357cf7ec4428e969073e0b09d
17|28|sclerencephalia|incognoscible|6f8d36a0d42f6241ef4a5ddb0b8ef7dc4b045d2b30a5214f662d16a63dea51e3
18|22|zooxanthellae|voiceless|412611914bf8089e064da0764455a6ac40cca5804d79658dc11c01dd7f127b01
19|24|petrificate|consumptional|be31c830568c8021db64b16e971fbf5072cf78d67d41c957e4e4a19aac9b06e1
20|23|stercoreous|frequentable|32004f32666e98a75443d87b34c53b92c3186f0b6cc4a251cd32607f9b4c0956
21|21|underagitation|foujdar|bc3845d2c57d86e45e13c534578afa2cb02c9bc02851d9fc6b61a268d14cd3e8
22|17|sagely|photoetcher|218fc5d60fd01b777a822678ab5865b91e12925be4d3e5419f757f0950134036
23|25|proctorical|arsenferratose|a4f3772b1c64f9c1c917ec30dac3e42071e60cdedc3d7d610609118e4709cd3f
24|22|henwoodite|propertyless|b04fabf6c6d81572121d33ba8e669854fc40ca83aa6ff48174856e63b9e38735
25|26|erythrochroic|comparativist|1621a8fc9724494eb7d64ff595df1fffb5ca83792fa0c9b29634fc3ce40d330c
26|17|reknit|preparental|e094fa22a08f6e1e1be230b729d2caab0fdc2736f3979747ca6680ec55788459
27|23|abruptedly|linguistician|b5675a53b7db08caf2ab2f4e353cd9066b5514b73ac61fb7d9fafa29f1d6ee7a
28|15|yurta|aerotropic|bd9a8a3c8db43791b5fcf2b0f9317062661be8b1b2922fb96dec395d74fb5b67
29|16|gismondine|dehort|0d8bc5b842335febe9d76815e179215d45242cec39203bedca07a270a06a413a
30|15|cadlock|Nazarene|fb8e69a11cd61b80b45b7b91ee1699a156c610425c29e461eb7ea71d890d7d5b
31|24|typtologist|traditionitis|ef5e2aa7836fdf59896c6a078723b9eaf15aec0cfe794fa36eec35bb71725dc4
32|21|falconbill|polyamylose|1fdbb7822ee367d61ec0c068815b1faad24ac2cf9a3a6e74ce71029b2f612da4
33|15|sting|prelogical|45dd516c53d5260466d38b19f0bfde0faafc73303fb564fb84aa948abceeb427
34|20|Physoderma|centaurial|af0a55817d61492cb11b6ae21b21bf83e5ef75e953d7e52bf3c9481390bb0616
35|25|choledochectomy|pentactine|ae65386a22f35de66eaa4349a32c486ab3e94a42effa4a366af2ab411e31fc0f
36|30|deciduousness|cyanmethemoglobin|299c1502f46d51c8d8924085480592cdccd6e394740c638e177c90b59e69b769
37|21|cheerful|saccharorrhea|11e3288910e25c80016141bf1654d987d78db7d3eeb2edd10f1bd7131f7b839a
38|12|doctoress|maw|216f3efc8d4bacb2c4b5fddd623fc1b4053b196d6e0ce5272550012d534c9d93
39|22|extracapsular|inquisite|34a33275089879b8710da478b66a5a76b7769e31c382208df7c316ba4ab23919
40|18|powwowism|jonquille|f0e27730e4b971d24442ccbaa7965d008662ffde25c37f2155e62c707fb8ebfa
41|22|triumphance|squirearchy|fdef4f570858efedd491473472bd7b0d2b6433616e1edb05169f4eee0fcb45f0
42|14|stret|fiscalify|cda0ee91c9fcf4dd09db1ceaae0b1a321557c77680e2213fb977692905b996b4
43|19|unlearning|manesheet|f0d1bed1e80ecc1261f0c659c5dcac6d354330528f34372a87d4c2eced4996a1
44|20|Lalland|resolubleness|16077164fb933c49281eb4f74b8662f84642973ad038e7331f6358c13a845a47
45|22|Harari|characterization|01587ec54a7f65832019f06c2250ca5ddfb66802d2af86eeec44c60214b34631
46|22|unhomeliness|paleostyly|6264e0fbbb82c6f72a0aeaad9e7670fefe52bdb8ebb452b6b620f348a1772461
47|19|coplotter|stylospore|c6a96f7fd3282692625346ff457028242e3842d7a9aa3d86db2834fa1b0b5056
48|16|unadored|whistler|c16d55513f3568cd7b896c3bd5c39175ea42606ac4d15403df3b411aba2830f7
49|21|league|demonstrational|90fe3aee9db93d8aa9ce2152f9f96d90e32a962f22dad9884fcac2cd63f89d8f
50|19|Taruma|Cathartolinum|d9fb2448f3b30d110315c24fcb12fc491ed278eb4b061560a34655ad2a4aac8b
51|21|antiprimer|frontlessly|d3f900bab645ac0811466ce755f53f963b6de902d2403cdb3722749e128124d0
52|22|zebralike|chreotechnics|4b2617b54b74110cf0a75eae21a50e1e7f14c3e0c5bbdbc66e3ae833333d8da8
53|24|aluminiform|unindustrious|188cdc824cbf30174551b18ab1cfef3c1b6a62b75dff21ac18e970574578a425
54|20|raphide|cichoriaceous|0366af8d6bffa305c43662e301389c3b5534bdf7cbd9ded60ddfca2e973809e3
55|19|countersympathy|June|c079dda654a435feb59a592b1c6e5f197b356a472fbe190203fa2cd18da656e8
56|13|purposer|clapt|a482908ae2fb4b0c0a6b6a25d7996df1ad9d52ff96c384688659817908e3c04d
57|22|verticilliose|cyclolith|aa5fe6f072ade26d32b8a6d7002e10a8e8c838c21605df4d66798495b0a63c9f
58|26|unalliable|piceoferruginous|a28d466f4afb8109c39ac308c3695607afd45a0b4de728919acc7c564497dcdc
59|20|functionize|wolfsbane|61fbcbde2e37effeaabed3c9290414c5b8b9066829bc0fb2decc757c85fe27da
60|14|scowbank|Frangi|8969a8e3a0272c6e8e1fe739340eee7acca93dc8d9790cdd282c15b34cce707b
61|26|parallelless|possessiveness|2e63f9b27faf89d72d4ebdd39cc55fe5280a8f45e570465049b77367f17918a4
62|18|undeparted|helpsome|8be7cb98ee4f9d7ffa8560445dc771ea87fd30cf52c62d530cb360ce1885e42e
63|12|mortified|Gus|3b9b9994c3db1d96d652321b97e34d161c76b95e44b9d9dc8801ae5aa0a386a2
64|19|ancillary|scrofulide|a78fbc9bb45fa99bd7c810d4d402f571b1677241fe1ea43fe2165097c3d0debd
65|18|obviousness|phasemy|7a97c1d9bc61acebbf96c86c9379ed858f865f117a471311472c565bced265eb
66|16|naggingness|taffy|8cde2868a04214427b4ad932cf98b67141bc4f56b0263efbffd76c769800f598
67|21|Fridila|graminifolious|611881d2965d2ceb45049759dcde7d40dd1c2fba0b8103d844d23cb0dccd5ab1
68|32|benzothiazine|uncrystallizability|fc8aa66cb7a1c94932437e215405c2e265c8119e7bc2b5d53dbdbfbbd1b9d784
69|21|nonrecurrent|latitancy|7a8971c1a4c6c37ba37a61520ac0a1457fd9377183f5c27b7e0362935dfabb5a
70|16|Cecile|huttonweed|5e91565b942ae69bf5a58605d810cb2671ad2738512a25510cabfae74e42322b
71|15|Mouseion|dawdler|e2fbf7280690f3d405e85d61b8382ac258785ffcaa1fc21f796a024f96c16c71
72|14|motor|deevilick|d7fe54be8cf11ea9ebcaea3525ceb39f9df985eb3d5807ab7833738df45c3aee
73|20|manducation|columning|8d83728a22f44b95e676750872bc907a304d816124c172f591b468afc6362b71
74|23|insubstantial|subsistent|f776337b43b5c4ee62973b8ea84651ae71b8885f3ac4325e814f07436ec9a7c2
75|13|kroon|disjoint|148370117b4641b552a4fed1d263b0cce6a6636259299c18cc2e48e0f9166af2
76|22|pyrocondensation|volant|cb1e84ad60dd194cafc78c5c548897714fe826cc42dbcee5c7df7d5a769b1062
77|22|trialism|polypragmonist|aeb4d49d8dfaef4ed14ae89ae3758f6dc615a20a43226f05b488085407f61aba
78|18|spathilla|servitrix|f352898bf56fc65aa20c946272f02db7ca5dc425f6f6cf02c46145be62560231
79|21|dedicatorial|mnemonize|ed47629184fb5041d17f0015b069bd3636f34089aff973623cb7e626014384b0
80|21|umbilicate|cypraeiform|ac44ff081f38d0cfdfd5b40258a71c5db3d4986f06d79e96ea04685f2ecd8cc7
81|17|upholstery|taborer|48ba8d789fbce774437a19a710ff188b4cc36fb453eec79974d63e699a234c02
82|14|ideoglyph|futwa|d79bff454f727fca6a0e88c71474c68f7de42091cc166e13fb21255214cf091e
83|21|anticreeper|idempotent|db95bba8eaf2a476fcead03b1f42f64075ee4106de6fa15935def147720b8169
84|11|janua|Kristi|ad51b3b15dd3302de0bb3bdfa85cf33aaedffcd203bd84a25e47b6200f9423fc
85|13|Fertil|kiladja|75e848c919241431f690ec5f2f358f2c6628c594a4d053da7729077b033197b9
86|21|damnability|windplayer|50e9c184f1340e8af995d3b7e4f1fbb56f6dfe192742583d79b7db5394b1c3d6
87|16|sutural|nonmortal|5b986e39d0aca508f55189d5074c36c307998d9645248db7b970191eb9e0ca85
88|19|allgood|infraglacial|e8d8edcf131ecfaa697795370eda19dd866e3d71ae5e14273739cc1f7ace416b
89|15|Roripa|merotropy|d934cf445f4121f424d4128c87bfab23aab8bb7e83ad422a530e6ce75ff1fea4
90|21|overseriousness|betask|64ca4b4eb500c26cefc32c4a4085d6192601c98026d8d3ac11affdb38f5ef16a
91|19|accresce|homoeomeric|2d5e87369e337e3f44c47a907a1b6d9606a25dc9d498e335b2e6c2db4e0af9a7
92|16|wrenlet|omittable|aef64a7ff986744ea36902aedfc2185947aa7fc821d07bd99e5274c4232d9545
93|22|interferometer|recaster|c343c1bf5d54af16dcb0acff6ae909bf1f738e68eee556c9563c9f12e7eff190
94|19|allopelagic|loselism|eb8baaccb903fa330c98852adc20975d7bf64c11e35b8b8d2d29a94b11ab93a7
95|17|brightsmith|remiss|e6dad272d3c0851a3b6a683597d4066f104bbdd131b7d4cfddf7d5d89bec525c
96|15|Ravindran|swardy|6b6e87abb6067dfb06fccba49a2eeea9be428324c8916d338392da17dd1ccb45
97|25|hydroextract|protodramatic|d540e4202d4123af8ad2f9a7c7d07b26bb0868ccef132d6a6f93908fdc2f3c26
98|14|reswear|sincere|55310c4044a47070d38b8ef035d0fab21f3cb37c67ad5728bd320915b9741676
99|20|monocled|prebelieving|b3fd08b1c6704ac8267b205bd4ef703dbf587d7968ef441d03999f655d634e65
100|17|rebook|nonadherent|cdf024d13974b970c89988036bca736063f2ce725c7518ffff05d36c6d646014
101|17|coralwort|reponder|549526adbd8b1383cf8d218dd91003e93db8a5447e7e92543a0d116465a07894
102|16|saphenal|pumicose|b3a08c1bdb777307ea8a177b6050df1d5c50e1f2feab9bf8a142c82a85e3a1c8
103|13|Anomia|salably|1cba5a9a94158c1c2ba9c1bfce95d3c9a1e3fedc21d2223b12dae6bd9fc09145
104|19|eidoptometry|racloir|8b3251eeab5744b23a369336e105382933eb41094582580bcb755b28476fc018
105|20|Melanorrhoea|biddable|6f0ae92d683a7671ee6bfcaca6a0cb6d0fd446910d8e85034dcf4d60fb4f7e5b
106|14|ovation|sprowsy|c2c13209a8603c3dff31dc9d4eae1d6886bc49a3a92b3da6b2fbc0faae5f7c0a
107|22|uncautiousness|wheelway|ebc2e7cbb4074921c130b8a465c7a0628e522e7c417024cd6cc54cff43aff92b
108|21|preseminary|reconcrete|f24b302cca21345c6d4b78abecd64178da411d5abf06e1085bb9b34f41b5ff6d
109|17|cumbrously|tutrice|a07abe3ec71765a08abf462879c038fbe5800c87bf953fa5775a8c29fc722b9b
110|19|anthratriol|squabbed|704f2b454fb4ad077a274f3e041a526d1c1e91052a3de2eb112b261f1fe7c835
111|22|unswallowable|deplaster|95f924a71b7e4e063fa0bd3ff635421c7e5d16ab1fbc03f3e5f1727ade822dd6
112|17|sacker|hematometra|133fc70dbe4bf85e422f3db8cdcd62d4d14084403dba91eeb6b492e58c849a3a
113|21|colthood|nondeposition|3cc383677bf062da8d86e62401636b51483cf0031e3073c798517fa4c1838616
114|27|paedotrophic|undistinguished|1842ff618ce0c9cd074bb652c8622481082ffdd573dc0024ce0af565f78fd374
115|18|vampirism|oariotomy|e357a3d54a988eeef398c4568fab2060a13a3ca508d20717223871fb1bfc41ad
116|15|tabacum|fagoting|eee103d46fdb92830b5f926848dd3d5d67eb6924a3215f2c4d2de8814c870470
117|16|lorikeet|Sahaptin|621a8884d3e0b0894e7bcee9cc9cfc7d9ff11fca7ffc1caf6b2750c53b0a87d8
118|17|graphorrhea|enarme|3cabd267b1b3c3a17e7e9cef85d9a46cfc1138cf23a2ac2378fd9c6ce936f70f
119|16|saleroom|heritage|35e0043592b2c2e36995a0b32dca2457ab24f3c5a6fc7eb706e3850288681897
120|19|aminoplastic|armoire|f65558df02f5522e98838e2e57c7b177d840be3156da6d1b6262d8a0663f3e80
121|18|slowhound|pillorize|8b9e11ea83387d9bce42b68a93264300381d19e5b04dc4978c97f862a99cbd01
122|14|carvol|urfirnis|b11d0e111e6cb4f4170a2e38754b042be22a81680ac3a4bf2458a8a7571a40ff
123|22|ectopatagium|shipowning|276dd9b84bf35766ad130006bd6b9552dd53e325b943f67fdf95585460ea1389
124|18|overnumerous|davoch|5541a91ef8afb7d1d15c7d7e64c32f860400dd627f5f3e2b853634ebc6726fd4
125|24|papermaking|divisibleness|d9cc77a486d06ffb7237b1b1ff1a2529fbee2c0bf65613b1a26420e49dd4e622
126|23|harvestbug|Machiavellism|4018a1723cd5335d0fb0ccf211db124731ea5dd68eb2260c591ee04ff05dd01d
127|20|flexibleness|glucinum|bb0175d6d2ecde1138be3aac4f381598035da27df7556c90f6db22cdc798d92d
128|27|saccharometer|Calotermitidae|37b30d989f5c8c8dbc073cf6571f19cd0176e847a01f3128c7f402a2cdcfba9d
129|16|Habronema|hencoop|20143e9eccd4b7b126b65cf357c76a70686bbd079bf19a6010e14075615dbf76
130|14|unnimbed|Koniga|6e32ad05d11420f6a68f4dac9ba9a378d7d26366e15c6ff5944a27519c773cc5
131|15|Inermia|rabbiter|43d88258f49dfe3f11fa143fb50d5fd36fe9ea99de1337d20b122ec4e63feea3
132|18|infolding|collegial|6eb21490185d8c2bde3a66e3ba2c7fd4bbc98d77f1ba57e0b50f32fa03ae104b
133|20|relationship|drabbler|984e7016d84fbeba501139efbe90e84451fcf1a91ff8fec2eca17c44b77e37b0
134|19|unsickened|Falangism|972b1d6d6ef1391b04ba7cc9334b2a5a65a198aea07645cc6285618a0698af65
135|19|pancreatitis|euripus|3703699fef5bc6fbba8f494fd8c6e0cbfd623354090124f3ecd81febf353ac09
136|18|slinge|discommunity|1269e84165a0213404e12b22cfe5ef3ed01e08526fc889d48606994175cfc534
137|25|Dictyosiphon|subcontrarily|a26867e4dbb0bcbc9b6e84a6ab6e457624249ae603572d93ce189b218670e2d1
138|17|nephrostoma|Jeames|a313c0624e768b75db24be247c9d87f66b99d2560fba8a75f3e0d3202bf46a00
139|19|drat|unidiomatically|a2ba92ac471e38bc39faa874cf946cb01a851cc1054f828682b5ec76dfd2a42e
140|20|trustfully|monocrotic|5916f05c6582d0e9188e37c07eb7d9a4f2451b50cdfd82e5300761d8ee6af3cf
141|19|dratting|anesthetist|fc355dc57ad0bf264c988b28889325e477e466f76d693c493d187bd0f174ce12
142|12|coupling|afar|95137a44079a4c1fb5bdea3b954bf9ebe034dd1828870fbe2db11feb9d26fc24
143|21|Novocain|retrogressive|41bfecc3802f39edc1a7146cd027bb0e45f3bcc8f13997dc46328d78883f728a
144|17|frizzer|screeching|48f5b9f9ebf575f1dc6fe7b5c02c28709ec4c86f8cd6f0cae56deb5790bf34a2
145|20|coxodynia|subaffluent|af5c9886aafd5e71a64d511c4708f9ae8c220fcb3a2187a1148c8a853c35d9ea
146|19|irrecusable|prolixly|27ccfe7ee82174450e80efe8bb3302c9b5b3819054ac1c7b240dbd0981473fc0
147|20|mediety|squintingness|0e05782b362186dacd2263823e95fcd39e36bbc6cdf4f71b4e31fb12b787b862
148|18|inquilinity|winemay|83cda591348cdb03b72cc3dc8e0ebf51f16834bf4c5deafee500c1501bbdcf08
149|17|slippingly|keynote|832ba1ed011581057a9172ecc6c54e1035318d8abb51de944b797cb80d4f2d22
150|17|gastrin|homocyclic|3738146b4afdcb5e98afc2de7fbfdad4c2710d19f51031ccaf68ba0da45153dc
151|19|phytostrote|bluenose|cd9b0a6dcb7f038908761464572ee20000523a1312d153b76c54672c12118023
152|21|Cistercianism|politist|43fd7ed43d109b0d1198645b8abef8fafbf6991c99115eea702205e11d406728
153|23|stereographical|bedismal|071076b8dfd3b6f17da7d3dd9a515cf4b7307f9a2d52de6d6946726139249efe
154|19|refresher|mulefooted|19c26f23d8b956e036b469c011795e719ffc256ddee721e675ce10c2e36c0f18
155|14|nonvacuous|meak|c2effcdea6deb249492c78738578a98f4be526cb5874ef3dcf037c6312fa2cd4
156|17|aminoglutaric|vend|189fab4e5896d454654dcf2265ab20867bc7faa1b07fbe74f6900dd23ac31f54
157|23|tolylenediamine|femicide|70d973991c96f6fcf5d353d4c41a40e08b1f8ed294f42a7e5529365925ee555c
158|17|retare|graminology|e7ce69e3f575dcfd632f165bee9acfafa0613cd1dfa7f089c0089dd3836e2b27
159|15|koller|couchmate|94b23932f7132fd0b8db8fef4077643d671097a3c72f2dedaf82dcb3ddfad3b4
160|17|equipartisan|allay|e08a6c174463c36ad3b00a0d5a8dcccdb1718941050c35b0e9ad67450d9e21e2
161|11|exodic|arend|cd345a23aed92aea59958f9f39baa58400628cc1a67262b1ce99bab01b080e1e
162|19|lotebush|opiateproof|06ca0476e3ec7a1d985d35117e04c52a78a43b2d517e453c7dcd266d98ba8092
163|22|anaplerotic|decempedate|78328cea92edda8d154c7abc5ac55e0912c0b4c771d5b8e6daa4873665a2005a
164|12|cantily|topaz|bfe7b8775b306e16930122d27325eac1ef1714d75cab557514bd70f795647b22
165|15|rootery|sulfuryl|1f315c877fe27294ef63413e56c58af66e2f9143312d8004e5483036563b989f
166|24|frolicker|laryngoscopical|a42408436daff61c29fe29caf8f4004efb1c7d585d16b34b7ad35390e6f34cc8
167|16|cantoris|plowhead|e1a863c413afd44bff6320b51c130bba1804e7fe7e69c75ae8f569f204ee75d1
168|19|selamin|cytogenetics|83e003c2b17c42efc9e7d204331310540bee893f15b20afb17ad5dff6ee61c35
169|14|reoutline|wiggy|828d4e26ac9f177fb630ca061450b1cd0994ac5bdd842a7f37603c56cdd4839b
170|26|contentedness|slipperflower|aa5fb6b7c570dd29a6cb7aada48ced9ab8d2a3490fb294a9b9105f0eb0055d96
171|21|Tournefortia|myofibril|428115cfdf015a7ff468e349c9a0a3e70162740316191ba6b899b42a5d74a64b
172|17|troller|cucullaris|20c6ed3aee2f7d2f28b3265c7d0661d633f32ef2d4e0e5ca8671d56d0c009923
173|19|stumper|blusteration|90d278fcacbe11749dbf8b0ff716383ab7780179d0f668e41d399545285e8a12
174|16|radishlike|leptus|c2d3ba3f001d8ab7f9e9d058e1b8a1b607f0ee6865ebdc7b68d0cc7883a8d677
175|18|xanthophane|astrand|ecd3ad877678fd7c0fceb83a03b274f44ca35786836b53674cd889bb2b5ccdbf
176|23|unhomeliness|basidigital|4d1d1eeb67059ea524d0231649cb640d66cf9b733299ae6c153ad9a582591676
177|15|unbadged|searing|f629695734d2d1f448f591f4d20b56c187c8fa4a05256938db362e13ceea0278
178|21|gangsterism|apocryphal|a0cb2755fa1240637fb984202d65e8748fd50abbbeba0549ef4a37e9a231be37
179|18|zeolitize|rivetless|db5c2c0f97b9da64807fb33b183b0f8afb68d9974335e246a6e215142eaee7ad
180|24|distractedness|culinarily|75c4215d8e19cad6c8a08eb6bc0c277f850290092439df3a54058424e0c6372f
181|22|peripheromittor|pailful|ccf2d5c6186e30557a05ef523f99bd638c508bdbbe67e9595716e41d51f35356
182|21|cholecystitis|reassume|ac089ba4c3c02bdab0b702950c0799a94180c99161f67edd98713ae897210037
183|26|thermogeography|ideoplastic|30afeee3137cae02619613361c9bfcf5f7b8af640b531279adbf080009101c97
184|15|vavasory|colonic|5b36bfb63284a1e61bd3e491a79a05492b54fe7ee66d60be439786bd68609366
185|23|complainable|veneficious|5133cbd340cf48b708882ae26f44b2bb83c53e89a415c2fbd943151d4ba3c313
186|20|Nikeno|impartibilibly|0e73b5c1685a7bfaba364b034dcb4a0a59362edab0ee72eabc4d62be2b5f2e8d
187|22|nonconformably|supplant|431891fff45485fedc0cc1f56043d4eb8d666c7606b6571a42746b694f4d3221
188|18|noncorpuscular|pave|934983343734bdc00fdb5cb68a4dbec7ef0046edc593a19073c4477e5819b317
189|15|genista|overcold|d048a4566223126b6d8d7ecfa121cd2d31ffb44b802ad3e324f625f8810c617a
190|17|unachieved|caprice|1d4555ba5a0d9b1d6ef50b4c77255a03d5f024ee0de820f31315426320dd1cc6
191|22|felonweed|unofficiating|0b1473d127267bddebcc0c9b022fc85c69ec52da17e4fdb5670a287875e83dc4
192|15|guaiacol|jutting|93733fcdf25928b371b2961746909b0cc1e6f55cbcbfd413e5975c3c99669006
193|17|ricinolic|foreknow|c6df11c04c265aa5f312ab6241a700dc3c91247f19fb25ef728ef71d9d60c077
194|13|custodee|Itala|530973d3fa6ffbb3118d310af02fa95edcbdd60c2c2d5c15d0fe8af3de3f0cd8
195|17|homograph|polocyte|47dc7af618760f4e40e6ba0dee79b77f46502cbbf3168fa00a3d87470c2e6c4c
196|20|shauchle|infrequently|3c2e5ab4d6a71012776489d38365b0275c8bf868ac4b5a3e566bfffe88e12db8
197|17|neuralgia|nidatory|7dd2cd9dba34e82582cff839c25f873fb962c5fba1ec1123376e52af3b832b40
198|22|Titanosaurus|iconoclasm|838ac8f21ea27b3d6c463a7b15bd8686e25f19b71bdbd790366dd8fa2f4498d5
199|16|beltie|healthless|82759a1032d6ffc4ceb4cee2d9cc8090234efb71079ef6b4f96e0d3ec74ac214
200|18|myelogenous|Synedra|801379507901318a0c090bec38ad93680f1702cc334509eb156b936d13861015
201|19|unidigitate|demonial|7ce791ede1c2da9a95fc1157a5106f4e5bbe6b4857464bdeb76b0a08f25322f8
202|18|glottalite|Monadina|2747d23a82e907cb5f98b865b1c0a939c86dbda696b793352312d85fa1cb2588
203|22|harquebusier|septectomy|cd3ea0301971fc604525dec401f7c331cee3794e4be4b31e577c97116f49072f
204|22|selenographer|piarhemic|a8856cd05882d7943f878a5580c0066847bbad0013cc706098d3d857ecb5e70b
205|19|alternator|umbelloid|ebfe4d2f8df23385ad2c95f68230bb6fcc39eac56d43d25cdf0571a408c9c483
206|23|electroanesthesia|hawkie|3551c55aec00ed6d235eb556593d402396afd582c611f606adfa48b32e9fe55e
207|20|bicornuous|misrealize|4fd712f8d5fa56d01b9aa8c7fe1fec8d05eb736c043dae1fae38e51f1334aace
208|20|omosternum|litholysis|ed4fafd433f87337538d31e4b5d8007bcda5eb01ecd6925fb5277448e5c9de6b
209|17|unwadded|quailhead|99a01531c6cd0348f49012862e2aa5a55c79830cbf5c63da338da6f96b83a710
210|17|leeangle|bullwhack|97431ceb2d85ed426dcab0d6b2199d86a37ebc17815510e82a74d2a3329bb505
211|17|pedalism|cyprinoid|cd4255abea9e29c1735aae7032ff6d1ee39fc9a11b612916bc855f6286f6b112
212|12|rannel|ketose|13573089f50d12d09a40ebdb2f9127fa57994cc3448dd3998679f127b08d54eb
213|17|grafship|unconfirm|320371d652cbefcff4225deec7b121cf221409c66076a9e9c60718cc9b8a2f8d
214|17|assumptious|Tahiti|a0c8adfdba520e62593aedd145e403a34766926606c182447c6d283622b6d55e
215|17|frightener|wayside|cbf4f7e9e1bb0a7e41047edcb3df8aaf4b363d5294a1c1abbab5fb547d726a22
216|29|lienomedullary|sententiousness|a7eb4deda71ffc5f72fd73e31564a38afc7189b583e26bf334ffe4c4f875ad61
217|20|noumeaite|unrequisite|c0a3a1da87e425500d3c69742e1eb02cf9fe9ee10f37fcbbdb057e07194a759d
218|15|aflaunt|vulgarly|da469e55302521a47e3ac1ff9558ee35d680daa99067dad003f7ddcf87615409
219|13|bally|shouting|981efce98607b88d669f811d8d666721560086c9c603212e27dbb23128015cbf
220|22|carpolite|squirrelproof|698964a588e7fe8b4543ae57554739e4c51b517829500e55cf265c9e6a164271
221|20|experimentarian|Twana|58181299efd0f133571a68b9cdbaefb044aa2050270e43b1d9bbefb93f60b8f6
222|23|xanthochroism|polyoecism|c258fd2453b14d1d131a679ccef1af8061cb7948401c7c9e969b1349dc74119a
223|17|wayfarer|emolument|e31b0de4feadc2b59ad290a6bbc9835f5dd8bed120fe6e4ba75c093264beb758
224|21|blanketflower|hypergol|c08ffac6d63c58be1eaadeb8e7e90ba7f4ca700101e414213d8339283307b684
225|17|inconsonance|image|7ec63c4f7de91e20d60793d79cce8a19cbe33c65baba3e21d0965ba9671eeb45
226|21|redistillation|bogyism|5edff6d7edf8236a1bcf9ab6470cf6915a4ccd803acbf7ee05fedebd3d5f16b5
227|20|rosulate|proctoptosis|58a00e8ae1c454be53d0770b2679ddde0a1c415a08571256acb8f5cda0b96040
228|14|affix|curlyhead|de6472911a47df1dd03c7ec273dd0a05ee078dd7d37991a6566be0b7246395ee
229|16|bespirit|tallower|9c523c2239816606011e9ca0352384ca0be674051ab1f8fdc1d4b5d0ac3cfa4e
230|22|agrarianism|hydrarthrus|7f2945b358d1f8210efbc8bbbdce6db02d8acb8654e0011410036418625d6cee
231|15|bowler|flaccidly|9148be3bb372be8119478f2374de95c6cee6d8488c7e306f82e38eec82242eaa
232|29|antistreptococcus|frontomental|07912ce9f198e0663145bc93d4c9c408ffeb5ffa6ea83a10382e3da04e2d5e5a
233|14|assaut|vinegary|c9bd10a8c2f680f7addcf7129bc6294ef5bdb3fb67cb6fd575ba74d724d6a505
234|20|atomically|clamminess|6bb228b04936e175e855f3c64a948150dfe16bc1862a9684889724b4598c27bd
235|13|bipaschal|Dion|ad63710ab8439eb4042a969907b76a48f0656b7983d5e6effbd0963a66b58ea3
236|20|perdurably|autumnally|7facfd23fdb781bcda55a5f037890455f54dbac6d0141051d3e5707af422527b
237|25|quadriportico|predivinable|1666a53aaf1b8afa4efa7a2e4ec889d3ae36ec64bdeb2ed6c0f70abd2867f499
238|21|abstersiveness|scorned|e4b0486a368520e20dd33a2e3750707d67af667f5ac8275c8612dd4b1c7f4574
239|19|Polistes|archicantor|2b178a4bf59c5ac94fc346c9e623075f571f26eee58a81049065181411a1c2ed
240|25|actinometric|chaetognathan|1262144bf6009dd46730f6b1e3be2b60fa877af39d235a49c8cb189f1398365c
241|20|praefectorial|flawful|52d27535946be586863401198307de4700786d69f410d19829d3641d8d551fb3
242|14|delectate|newsy|1601d20732495c284e6314939db41d1028cf7784fbdd34a66744c59f45173f1d
243|20|ceruleous|nondynastic|cc0c506a01cb530cbe73e3b8422ba1400ca32ba08b1165556f8f7fa138918a92
244|19|priestshire|moruloid|950891bdcb64d80ddf2b94ea9cb926d7da52768430244e7b899d7da8acf8f8b7
245|19|churnability|pestify|c40b6bf16447a12ec44894f503119fa75536749be82a4c07e75e3a11671e88cc
246|15|kaliform|galeeny|69836ae51da7deb7528611584a38bdf49f68f255a88201af5dd32f3be6072f82
247|17|nibble|pasteboardy|d5ba485b4b2c7ce548eea07898bd05c4db9817a5242bbed143f688bec16c4fed
248|20|Phyllachora|myenteric|caf256c7fd06726e42f23af671e332bee4ec0f3c79875d72512dfa2e1b2842ed
249|24|homolateral|machiavellist|490c1abe55c0257d811260f531d5d1d4336e7a547eb5d8b320e47e2091036936
250|18|magisterial|jervine|e38b38f8aade32c115e68278fcfff0d1e2aff9e05909e2538e01815f5fcc6baf
251|12|solder|flyboy|5f8cc1064066da49c4fe7f71785ede27ec254a27e00caeaaa49e3608379451eb
252|21|visualization|posology|25e0145bb79a93c38aa89199a964969fbdcc1a1b49089911711736557bcaf536
253|20|hereafterward|filmily|588b47055e576ba97db00c1dc97b65ae21e95c73f4b481022a77e7ae5d7a87aa
254|15|entoplasm|midway|6fb7836ba80011fbca3d91f521be896e1929fde9db4496b3401627940eaf1db7
255|28|basellaceous|hypokeimenometry|77ca98622185399ecb282557d2a1c6956b46127969edaba66a2bba21408b3a1f
256|23|genitival|unpeacefulness|22a82855e03de94b9c66ef7b725581242b2954653f19499b29fe3286a26372ba
257|19|unmildewed|nickeling|94bc815d94709af74aa619c008ce779bc59233ad881022d3ce5c245a1ac5427e
258|18|tigellus|catholicus|a8a868746e1c3e10d64afaf5d957b30b8489072eae7b1c3ac433df635592ad35
259|18|outness|chorizontes|fbcd29a29b5de6e6d823c93b97f2dd43f3bd051a4e7e836e5bde9860bf6d2876
260|17|nondepletion|Vepse|17042f4e3c509c0a74f0871972ec04d59cf74ac4e668769ddf404657f4e02bc1
261|16|dockage|undatable|28e7ab6aa4c70a080e24215b31882fb8fb489d133d9794b27bcc6ee6835fc1b1
262|19|chore|multiguttulate|dd31dfd3eb8a6184887662d44ee60d1c13c2342eef5aa7d8fb24222216839afe
263|25|prophylactic|paravaginitis|9f01c59df83f37a6d6165cea13f219ce6c4b4720ae4440ecc9f4055ff67d66b0
264|14|semidull|Volcae|f2d6e2e9387b6a226a072d4be15acee974fb40cfff284c7fb5e8c57ab76662b6
265|24|kukoline|lardizabalaceous|2a36964d17afec0b52566653e21782e5ef6682cc12f0ccf847dcf376002ede6e
266|20|monomethylic|deletion|bf028eb8ff5f6ad632de6e3a538be70001514bd0134d0c99f48d31c6a07e0539
267|18|stumer|spasmophilic|09a3658a9e1cbb0217ca24f64c844b847d11a464bbdc7c7d2b7f310b8e2c4565
268|17|filtrable|Uarekena|88797fe0dcb4761c948a573513ca6d2dfc4f4fb368726893e69be2135edf53cc
269|20|correspondent|screigh|1bf63e256b15bede1be192610d9626b93028877b6973f980b3c1081b6b3beed8
270|13|Divvers|blotch|44b6d40896ad539d1135d9735fea60347b3823cc93b0a7790445a0352f3a34f4
271|26|biopsychological|immanifest|3d0e0f39e2b62a1f6ed1f108462c1272002c216ca956e825d6d5a998f642ef56
272|25|transversospinal|Urartaean|0df55e2b56055c4819562db8d4c3a9b17e5786027d2f7c04412fcc58e2376e40
273|22|cubby|countersuggestion|46b7914691abe3a9673bafbcf3f7773d7cd45d5c18c86ef5dc0ca7c9feb58478
274|14|troot|carvacrol|bf24845740a1680c1823147069962520610914c5c114745dabc40e8bd1ff7d1c
275|17|pycniospore|Anodon|bdef726c3345368cd968e71ca817b5708f6ce50101d8edeb0120278a1219ded2
276|22|inconvincibly|surquedry|2db69aae49a64662a18c70f692d579fe3d9af271bc31ee783868819a657f2aa2
277|16|urbanely|assurant|d594573b816fd9b5d04c7eac375441c02c3da498ae962155693aec22cf3a9846
278|21|Basilics|pyrgocephalic|e855de9b21ba7c7ec0b99f7e71464cf80e16757833e94ceb20e290ab1d574b67
279|17|stetch|irrevocably|6ebc470c3f2bda7cd1f35236ec6fda18e33921345e53a943a3b3ae332fbfa3a6
280|22|coremaker|transformance|ec9500138aa61e3252c5bb5df861e2bea2ad1c3e312df2085cc8ff32501580bf
281|20|epappose|peritracheal|8601362429059e9db159467ee13403ac2be0288bfaf997306941b180ec26aed0
282|18|shapelessly|didymia|ed1dafc39790ed2015d87a3cf2dcb44798008d9830a5a48ef41a4a07a5c6096f
283|23|aphenoscope|frangibility|53cda2bb72340ee575dc9a41367d98237ae7efe0aa95360482b3dab7ec2feeb9
284|19|chunner|iodometrical|444c77934969cd758351cf281eb0b9df35d4bec16346d88170d82db209c9b927
285|16|dareall|nonwetted|c1ac69cae3866575ef1f446d6c8517e1cc15454e5f75100f7b8f0eae253eef97
286|22|cancerwort|unsanitation|90c1a9253e00f6f8e764832eb588a4b2ef3cdb1db67921f1b7a83dfe404c56ac
287|14|cusp|hysterioid|75a085218fa35a44d808b880c768d03fb725faea959505d66f689ae54e983dcb
288|17|exertionless|gator|25d043a000c4b5736f6f0299fdfd9cf8b65002531f5ac0926fdae6a31b5de018
289|18|ghostcraft|unsugary|0e63bffd11b972643b3d75a344ca4ceb7c3968538353179e8a5fddd816326225
290|17|endosarcous|teensy|0e7430fd0a2d07e4d69e6f650b5942022bab77110b7cb51b16b68d63ac9154dd
291|19|intergential|fossane|c20197c2811e28ea0756b0e2eb8e6a6299d0e5be1ddfc13c10d152090f7974be
292|16|florent|sacciform|56dd7ff0ee86234e0831ee0d2584fe2ba39900467a19f93a7519c6eab2160613
293|19|sarcilis|asplanchnic|7ba951b11e194a9dd39663a2796e073fe7ce420f54e5cf5b1dab3228faad651b
294|19|Antonella|barbarical|07f46887815608b9fe9400b02f1e67e0fb29a525a77ca880328449b306c336a5
295|19|picket|saccomyoidean|6bf81c17bc61abdaa8d59af0ff7377c5d417ad36ab98eef678562bb8b706801e
296|20|gentlemens|cynegetics|ca1038bd416d2b46bae47a0b3247517517b32ffc7a5fc94a6c879fa93a6b61b3
297|28|microclimatologic|linguacious|83fa6f5547f7c2f5c40346958cbc99238fc9929f9e6976ca854687b51f4be11d
298|22|lareabell|zenographical|0d202a7ffb8defc5fafb010bbe501a492c3fcfa688a4522a5ec5ad6247eb2433
299|25|reaccusation|Echinospermum|39f7be56f33b41633f6f418c08fc7039e31a3ed406485dfe28077c70dd94f7db
300|26|semimetallic|incorporealize|9864a170cf4fc7a41427de3b1d4594b405ea4cf6c5b21b94b0ae3abf11509c14
301|12|sepsis|hawkie|e4921b1036dca5da959a05c048886d69476bd6bb35abfc8dbfd5003d01d3b93f
302|15|sinnable|reawait|51002bbe2c0ec75a57064ba1a067903ca3fd932e24fd6aebe31abfa993190f03
303|23|Altair|unjustifiableness|b34fac988fd636d7933ae803d229325f3d4c8f666ae91d148ef9508efea4986b
304|19|demisheath|rectoress|19103e94b275bc20aa1675c5e784a110dee5f7c096fd2ec3a9f2f3788dd3bd30
305|19|augen|Christlikeness|033399650631d5fc6ee47bd94af46a8c2d5c433c25d151d6257723fa816f184a
306|22|Anacanthini|subligation|918ba205c0dc5c234282ef5cbb9b55bf8e7d0bd369a1ca88d9bb4334e29098b3
307|20|postwise|Leviticality|bc579d62d66b0f88a89ec8cbfc7ea78105f6a2b8a4157154bef2e8f1d95610ee
308|20|cogitation|unsinfully|4f3f4e6000b0094d3a58ab59ebbda6eece738759dec33d55572fa0f76e8fa891
309|22|unupsettable|penmanship|b5c32fa9f2298e93110f38e1110fbb5cb4483805aa2aebccf6b2017794dc0e32
310|17|damnify|pallescent|1b36b80761b6a49efdc505c92b21a8424c40dce2f0e691f82438bd7a2dab9969
311|17|presbytia|flakelet|485a139a0ec9b630b1d7c9fea1a140562d5910ef49c4562a944be138b95c3875
312|20|insurmountably|savior|092241bf528ff41abb42a33f8e2bdbedef568c6c2022a03fd27818373115e72d
313|19|unfeasibly|Iroquoian|0d09c4a58a95485f962038ca80478b591bde07798800384fe2a37c07bab364a6
314|21|marmoreal|micrognathia|dded9a3531a758215c11b77d70e70c94efadc95ef7b6998bee48d1b442277da1
315|25|retiarius|palaeotheriodont|93d0ee6a2cfc17927918d26946844d8f4870d445e88ef263f98f62b591645849
316|23|kaleidoscopically|warful|3b36ef6ac3e78277c62a398be3dfe6976b685ba550d483f29f7776c07684b0e7
317|13|centry|slantly|1d4e16a163386c40157eb2c4b282f766dc340abba4128af59556625545b4a144
318|17|reviewish|monander|014b8e417b4bffe222636bed40b50d25b95bb82611816436a9df788dab9a42ae
319|15|conductus|cobber|32d412472351cb2de5c465769b3593c7778ce9725c6d4a659f5530df922a9b01
320|14|moorman|Pelopid|d2d253a11e30bde785d9565593d7c608e1e50d86295f7ade38875f9a6c737c62
321|19|cobblership|matachin|28473aa099782c33775db16f4a16d8060ba51332dc64acc56120b0f33c98f54a
322|15|xenophya|apyrexy|8efe7533ebc456d70a9993f4d8089196128f8668dfaa56c3909321ce65a568b3
323|18|subexaminer|algesia|66b922e2f5de520cf1e065f62db81ea2a6e1ff9c4135cf8e5b89f84276c82586
324|19|ragsorter|undercrypt|e31a52780d7699b4e0ca8b5c413e7a360c00c68b68cb525b719d3ba81dab3c98
325|15|coppiced|hekteus|5412201af948f1d30d329dc22797fad4a3655ac55fa13be6d9e601e9a86445b1
326|20|unsyllogistical|plain|2d79ccb6fa3d1e33335bc25b57958fe30d6028f8ebedd9f6685c57d7f203f6fc
327|19|limnorioid|avenolith|dc7be387bd8873ce14b07533f9b92a4cd107515d0f5a448bc0cde9516cc5e66d
328|20|suburbanite|nitroform|658d13303c7eccc47b5052568c9840abd651bb2995454d3bd2752a7aaec4673b
329|15|trihedron|wample|22623a199940259e715fd56cccef38a9b3bd867a946c1309f76fe99f07050fc0
330|16|fireproof|tousche|0dae2d5b13cb1937496576472fba596364733bc48cf524e2113e90542c452b5b
331|25|Xenosauridae|Solenogastres|37ac014582a6bd3b80401ab1dfe2d0099c8b24260052e0963d34c7c0fee0ef53
332|14|minter|pubertal|9bbf548909bcfb5b19519ebccc4270b1478caf5fca876fc2bdd2d2ed00313fa0
333|23|Ascolichenes|subadjacent|ea5fc1c119be3a9bfcf943123e3b312468fb2d6eb79c319e2a3269ef5e4d218a
334|23|threefoldedness|athetize|7929bcc1e1ac4d67dd12a2fc3af1d2f66ae5fec76d1d35ecbdc9990cdc6a081e
335|14|murkish|schloop|d990ed2763d82526ffea3566095754ecfe1977ac06a1d2dd2fe115c06d3277c9
336|20|fanfaron|barodynamics|d115aec46cf30c300fd3cb97c8f19f1599389c55177ffc0b2469ec34320f5543
337|14|buboed|turnskin|658de8f2cec4c3b4ce8f6b14da760b85c42509648610a2bcb0f9ee2bd519c4e5
338|19|deserted|unharangued|72cc9a7e8af049b1380c076022f3e1deba1c97299346eae57bada62a95ba395e
339|18|combinatory|implete|d62416c0a85817551a3a18fe27b2af74a4a2422912aff3531b27898205e1fe1c
340|18|unexterminated|pose|cd0709813c7e315a4ec8bb4b33709f101438154334335fd69c1ac7d6b397bfb3
341|22|foreinclined|playmaking|399a340030a8b854fb8583013cb9f9edf17f007e53334c4217088a72421a969e
342|14|reality|pinacle|9f70c99e6af9f8c446af3c9350e38d989c047b0b064c0d9a7e78ff0c7bafd095
343|22|dumfound|phrenicocostal|a0752386c24234546e79bb61a749eadd0854803396e30dc77207f962846e768d
344|21|parentlike|voluntarist|a400ed93e3cf65896ec1b28b2b58a238234f91069ee5d14567143fb810746bc2
345|20|multitarian|tosaphist|ea5e2ffa2365ee2efcdce86f9d0b661e0a08eb617e8e0329a72d7cc4555c287f
346|14|gerefa|trinkums|4b9066ada164e46537b7b720d1db8b32796ed1d4038a50c38a905c69cc448cd9
347|22|glutinously|bistipulate|8701a46402ed3f2717a8e39affa3d7944dac0b9dbdc18dc9981e761c66acbbc3
348|19|triethyl|gallybeggar|2668533572426eb18f6dcf5acfd3b6365732def6009c3187b15217f480a14965
349|15|bolden|numerator|4c5f1442cad69840ef6c27f41cb4f8904d313d004876ea6146e4ed55765f41ff
350|14|gab|empanelment|cbba9c430db7ff6e891dafcfe27de0137f46586fb40ac3b1f6156343316dfa49
351|26|placuntitis|lackadaisically|f0468d625728e36c87a5b0c94fa167312c0afa90c635ad8a9d9935c83b58257f
352|17|pilcorn|unanchored|5501cc520f0dd6b7f3d5d251073d749563422dbc49530a7368237409f61df428
353|26|phylactolaematous|pyromotor|c37b15ea5e4856653da9a31c5f02abf85e2ea3306a9d6c43f20bc3a051303796
354|27|Sivatheriinae|antiphrastical|6dc9016c73f4985dd198c8b5962faaade593d1f953566a59e107c42f99eed5ae
355|18|Cartist|anaphylaxis|b22c44f198ad622617e2fb9ceb6478ef8cb6930028738c89194466d877d565b0
356|14|Tangut|levirate|08164315ad3e545b6c581aa80216be60c87b7aa0d9563417dc4dc81bfc9117e2
357|20|goldenmouthed|zoistic|78e5dca6b79d6c4861b271f51ba6507a4e99d9608417db469bef36fbfe6f2808
358|18|zincky|unadulterate|9316f5cd06afd0ebc13c1ae079343fddd4f148dedb45f54781cf4bbd61de3a6e
359|21|princess|circumjacence|04c3e43774e8678e3f22644a787c6b6ec269403102eaebcf9771670de3d02914
360|18|unlikable|hemistich|f276f259c37ed0d0f0a13031d41d0107e37586a0df9e5827a26ea4b06604eb0a
361|19|cancelli|professable|d1e4872414d0be794757b63b5686c542ff0dcdcf924c99e68c639838a786e676
362|19|perianthial|Hymenaea|e18f33c4df7d8323313ec1820e9cff196cfb87f832eb8aa673282c236e9368d9
363|22|saligenin|weiselbergite|3a497f3cfa87425d396418ca9fa9e04e6b49eded1e00a1541e7d4e59ac925e43
364|16|pogamoggan|jerker|c02d13da501d340abde37abb85e0ab4485564d57163febbb25317c04e09d2d14
365|16|cabalic|lumbrical|b6e7826befe48c0afadccd4a0038d7d5b87de59decc8a7d6941222eb97cc6337
366|16|succotash|foldure|30e71f14acc04388944670878abcd55a028e77a49af66ba3c08d5d076f3e6826
367|26|prechemical|yohimbinization|6322f61e30a7f3903c91c4aa29f7d6695c7b10e0cf65e922baaaef757a0bc022
368|27|Aphelenchus|arthrochondritis|a464f5384173a7dd94dcfcb8a2f1f7bec1a786c0042e2963f408fc0bf387586d
369|20|speechlessness|kickee|beafbf146d0a55cccd86fcf38d8ed5220931ee5d16b60b2274d0da0942dfabcf
370|27|Psiloceratidae|Hellenization|f34d17f42c8ae266a55315a7407b83ae4eed3379d740e652fb29518957d15461
371|17|tuzzle|epenthesize|1ffe46a9cb0e30a293cd464a51c185a30d1927a885be286200ae5f39908cecba
372|11|hatred|ither|c52b032effa0a0478160379d9e50606f7e7f5c9a4f3a23690144d0ddc68e4d7d
373|16|Compsoa|outwealth|e1df0975567f7524e825d54c77e756974eb776927cef3e2677177befbf427490
374|25|playwriter|supersphenoidal|975d22eab3e4a124afcb7418738fd9114b0ab7f49e6077b17c43635842cd520b
375|15|potometer|aptote|74f95ec847cfd726839e1dd6e6f5b928ea16ad8afe23c9e56a453a7228356540
376|12|Bab|Almuredin|b69c7ee663905d294bfaaac533270c14dcb81a988a72333628e5ce44895c2d91
377|32|Triplochitonaceae|thermobarograph|da18d317999082a990ab00f34f730d094ac2aef91e3197ef3d22ef88c0fd0008
378|12|zak|obtrusion|e5590c9113189ad875cfb9c0ebf0fafab27f85c54e8d366d18f7e93ef39b4cd3
379|11|sharps|heiau|695b8f145102ce467a50f217991932da86d43fc2f62f3f7c3ea0877e443b2614
380|14|Jacob|subtilist|30bf8bf49a9af78df1febe9545cc08844850f695aaf39afed747d9fe22ffc18b
381|21|rachitism|significance|dd634d8b7c662c56c03f95ace53f99c063d804b8113008133e95dfa069dfcb87
382|24|Malesherbia|gynandrarchic|7671fc9a20b66080cf7350b893c80ca3232f1f2d5fcbe90cf1f7a6ff2c97f464
383|21|Leucadian|unhospitably|7962e0d5defbc938003042e6d3338a5fd342da68ccfd50589826f7d9c3162170
384|23|imminently|nonsuggestion|194aadd24364ae9dcaa0387d881e3b48e60a431267e54e66f0309569a3e111fc
385|23|polychromatism|vasemaker|31e4b0ee7c339355fbd5c5f876d0e320e5cc071db374e65868a058bae0d7d4c3
386|19|hospitable|unwriting|10dd3cd192c38dac1d4d00da05ec5b4aca0cbd47bf82d55fb31d43967045a6db
387|19|autecologic|remotive|bb8ea2d9f633c6d266c32408f361422fd526151f9072f6f9b1635e0fe71036ca
388|23|tripemonger|quadrivalent|34b72147b31d64ee6bc43762c7a2c427a15e3e07c4122bc9b82954f482016e6a
389|16|celerity|punditry|97c9645ea552368ade6ae637e5fdd841684fd6a10411d774af54ea9fee2da909
390|18|metadiorite|Maximon|fe96e4e57ab67f273e89197e9863b135a2cae290f9c64c5b4052523b82dceb76
391|26|whereso|sphericotetrahedral|2998b3d2500e4dda2ee4b34f4b5bbf545380767ba5ff1b8a68f6e1441b3f2e39
392|20|mailplane|phytoptosis|e634c80d33f82d4cace5248a5ba6d68c6b3ccb833d96f75860b53ea858af628d
393|16|strewer|chancroid|cd59d651687bd6fddf76a36962fc48464a929df9a677265e6cdce6d3e52cf5a1
394|14|worked|dejected|9ec4c5152e1490a82131f5b0101cce9b0299730e84341a750331ed84d3cb0c86
395|17|reventure|marmoset|51e25db197ead06b75adce6e108c0f0b3d8f7a36b89867ef390036c5c282eec0
396|14|Merope|saginate|839dfe351c64157f505266b5b609d0003271909396032d998b7087f78c608bcb
397|13|oubliette|Sham|0ec84710046bf167bb2be749d143dc0e72d6a347afdae88c1be55bc1345ebac5
398|16|circumflant|fatty|97b44482dc43f56a463dc671f302be80fa6b44356c4c3aaf04c750816e5fa4ab
399|16|cryptogam|Isegrim|d9ff8c7d660cfc6f4d5c6d24df6f976f6e64bd70c28a65acf0b41396f61f25a1
400|18|Albanian|unextruded|90006b38f0ed8c5176f1e984952d935858835bc4c5be12a9e9972fce7b73412e
401|8|unalarm|q|e8590d6536d6f0663200a5580f902ac6b518ad6750d70450ac6f96cf9a7dba42
402|16|Mandaite|larcener|c9c04c19be7e7a64f00e381c6c73d545c5cf040192477670ebd7ed6e5891583c
403|16|Sanhedrim|pontist|2dfed18c90eeff1f6db22589e504949967265f0063dd98568915e3c8a5fcf169
404|25|sesquialter|hyperparasitic|b41d6d9e52872c5a42ce2a504238f51a18aad8c5abe1d9fb32044f9495533225
405|16|zeism|otherwhiles|1c0a5974e7d0f1bfdaef43a0de593dbe242f71f983af91cb09e0185c6bc0b210
406|20|paleocyclic|hudsonite|911243f331ff6bbe74f6b54ce6f330b4598e8fb457e50a324533483ee7a4de70
407|23|Semostomae|undistributed|9316604ec38a6e79b97283a3d10c89e18a8cdea61e8659a61a095c04885e6019
408|17|osteoclasty|enrace|6c3e5a9eb36b94ef3f0d1bf958613d07a82dabc87351d6549c8f4af83b499143
409|20|substantivity|aggroup|8cee9de27917f45c5d12e799274b726981b006439737ef0e6ca34a72731d06f9
410|20|soldierwood|besweeten|7a523a2aef002f5038e9699143eb546d0264920e1e4f854fd6a7b55ac637e252
411|19|Phaeophyta|tyrocidin|b15d8c0840f8e5c99b5c666a9538cce24855679c90d99500db226c57f9e6b037
412|15|soaplees|blister|f5942ebd5003bb8e5ddeb8639cd516bb664c8723b0ee3e5a8026e3611364747f
413|16|nonwoody|hemitype|db965df8e2a3ea85057fada07aad53236f3f821d28d7d4cb94ea17c120e67fff
414|16|agnostic|Smilodon|abc28279dd59933aa18543e963cdab66b8c29a044e11c5009b33fbba42a0c7cd
415|25|polyuresis|amalgamationist|a0a66250c2f9b07fd74b567e7961d1c9a0da233437726f4f5b661bac0896f0c4
416|21|examinatorial|unmonkly|609d66c669cd1a1a5dc6963b1d1d324f393c2ea49c0f02d41f792a81652594ed
417|11|Lea|empirics|12c4a5cbd03ad32adb82f2d0fc133f7b34bcb1d4b017da277ffde376954073ae
418|15|impregnant|woofy|d00e1785164870ad562a9026e3a3e168c4c7591ae360d91ed1b00d0e10f2ea3d
419|16|funguslike|lemony|5752c5f908e2faf0a34da84b3a9e19eff36ca9ea63843cd03b85b1359a526142
420|15|serologist|swept|e3014073b079f9bda262604f26989e26abba2c3356033f25ac58b117cd6fe4d7
421|16|Kanaka|uniformist|7bf233f169c8962cc92a7b5bdf3ca3da610a9537ff65dad4f3f00874bf9c84f2
422|20|thinking|subsaturated|faea85c3203248e9db6ea83ca62d49a89bdaf47fbb354160342b84a34d68bd51
423|26|overnegligence|precartilage|4d879f84a11ac50dc175565ccf64a35f7ca4843a923f97943f1e5dda19a36c78
424|17|hepatize|breeching|58b8238de6446ae314f47cfc798ca61df28f3b3a6ea5180dcd202d452399d711
425|21|anticnemion|tachyseism|4d64eb0683e38f7c9f908efcf03b9ef9890553a0e15d5a0018b952117b033a5f
426|26|manganblende|cosmotellurian|5a9151706d5e278570b5d30658a2ffbcb8c97e0e8c2f9b785e404996f00304c2
427|27|Rachianectes|cholelithotrity|b7de858539cbb9929c1cdee82e3c2692d3c3c2ea00c3ec2d448988591691c350
428|16|dissipator|Jochen|dce13887924ef776b4084fb118bb112a9ca29a30336eece843d173dce7ad9fe3
429|17|tribble|Waggumbura|f3fe09dc77868d1b7bfba702a0395ca9d179d29c9a66f721d25570d0198c333d
430|21|cinnabar|semiseafaring|58f90cc9936b969d733b05082abc9153d153bb327ff635f3e3a3fdd9d732702b
431|27|herpetologically|pretextuous|3e8c695839917936322f62d0d536d836d0062305fa7135bdc7a3ce80d47812d6
432|16|curr|pseudocandid|4b05653e9b6e1e9c6382c7eaed1060f3717fcb4378370e3d04c26cd042f69848
433|16|lomastome|dicotyl|10accfc53a56e721807b3c9a5e0490037c0d1f86e2b30b63272ec59b1c3430ad
434|11|urn|hourless|434855b21ce843dd5b1fa1af634cee5c4f42d66c1aa4924993344f8ae8db11af
435|18|perking|isepiptesis|15fa1ff7adf35b5d16ebfe257fcaa4ed983e1f88cc0083a8b6e2101d67b00f61
436|18|liturgy|bombilation|09e5cc809330238eb11cd993e4456fde6feee5f42bd19ab34d55e11f97ddcbf1
437|15|tugless|Keraunia|cebf3d73b198c0bdb881ad4c0186a499419f43b7c63b07c8ba17ff5d59a301e8
438|19|psychoanalyst|honied|4c28b2a4190cf6f23eda2f66f65a57c772fc6a6f73b22d369668bbc2737e1dee
439|24|perfumer|circumlocutional|e753412d6c071417715085d214f998a3753f5a7e124942ac85e71c154d9565c2
440|22|dinoflagellate|adynamia|ab7bdea40db14e7af1f562b57f2c3ec4441926cbcdf89a89883a4f50e804a904
441|19|ametrous|asphyxiator|b9a9618dcc0fd6e0385a2e722fe441bb39bc7c38a0c087cd4d34344139dd800d
442|16|evangelistics|tap|2766058b59bc7d82586e3a15d599c41924ec44cef66739c09aa98d6eb298ed2c
443|17|peakily|unextended|ac8faa80afb6db2c0983e9c3483553718922f7f74941418fbfeb77ea21046578
444|10|tip|piggery|2f060628379c6597f7e07b59f3bcaf92d3b89daeeebfb5ddae502eaab22e0511
445|20|Homoean|katakinetomer|af8f6d76d3015027aec817182c1cc5fc91fc381ad1898f38572a2e6838284e33
446|23|unstinging|centripetency|17818366290bd084aa1ca457c5fe10fcd65637ae942bbbd080182e20c6b2be0a
447|16|Lamanite|lappeted|bc4b188459fcb433f36d233070fca89f5770584b456665bc1f977a0f50e3248b
448|21|Antheraea|decentralism|00df524ef2edcf42aacfe2765dd876df3b548c24fef87dda540adb7b3d3a2931
449|18|thermostat|cophosis|e8aded169fedfa6ae20c4d6627e50b28cc1a595c379fe4fadd156138709c20e2
450|20|unheroic|consecutives|bec6900d7495ad0719cb36172c64df867d362a29eda9bbe31bcb4def9948f3a6
451|21|overdepressive|setwall|bb970cd6e701216b3353fdd9b0ebd61926f9e7bc26773cf7a70c6f9ba83d4f47
452|18|langued|unauctioned|d4970753d60c4009d036e7b2f779efa432cfef7ec38a39bcc3b2df8918f87881
453|15|spheterize|aloft|dadbcc104f84ef1b38aeedefef0526e52446d5b0ce7171d055ad27211e73b742
454|20|nontenurial|obdeltoid|48ee9361951d849d31abe036d7c149d6041b29d977dd3aa6c2045ea9aea15c05
455|17|blunderbuss|goglet|8a5ea99e3ac979c976a3d179575f08904b9edef9a2404b3e02b53490a3f2ad35
456|13|asthma|waveson|51fa589ed608f49655cbd509d547ee1e19ebb4a3c6716cdb2e2824b1230852b2
457|20|expository|metameride|cf92b4ac9301a3c90bd2a35e208af15eda8a720c789591019642fda895317359
458|22|amphibologism|groveless|be9792a8a3dbd9996cff771b9ef312ca2af44ccf158ee840065b4e7bcbe436ee
459|22|adelpholite|underseated|fec60464c93cdca1f442898fb582eb7ac55b325c0c5500068755585e98001bc2
460|23|subcaulescent|Geoglossum|06b9d6f828be3566d081dff72277e9b5dbd4d57e697a8c668c17424642d3630a
461|20|thermogenous|Capparis|5a3ea739e5ea642ce17115e1ced0f38199eda8032ca8b5d23596924e2e020126
462|22|caravan|unboundableness|2a362fdf508cd0eee0b8ab2b4324e9b8850c13aef51494e171522c64b77709c9
463|17|amerceable|feyness|2f981c5c1f081cca489402f5e660c01faa114532b24336c534b92317141c5b69
464|22|Galeorhinidae|Sevillian|90bfc5ea8211244a757e34cb7194f875438420c7b7855c819ef288d6dcdf1ad6
465|21|soldierlike|distinctly|67efe4066f682cb3212a9c975cdeb47cf5f6c079e1845dfcad7f1e9ad2213cfb
466|26|psychodynamic|halichondroid|9e94d96058c68ebc5c28c61ad005c68091fd57adc542e899ff761ca115d8b675
467|16|prolocutor|pollux|f6b588786f0ae36ff864b4aeb2407cc74570ea8143e29c69553111a06a6ada94
468|28|pusillanimousness|advancement|837c8c698d00374b7402bf6a3a960106781d54380dd25bf410bd1dd4402c139c
469|20|parasitelike|unmaster|1c2a37e0afe5d2adca995e85177e64bd5240955482c76d40073e61c8aad0cce0
470|19|severe|ineffableness|d02d4470171a24fc1c277a00d55d5c0a9659744ea9b2d8ff7b990bb558780fd4
471|23|potentially|countercause|8a1a170e2a622e401c92b04f5a9e3f7dd8479ff715813b4fdb03f58aabdd09b3
472|16|colonize|myomancy|a596011fac1f6b312684dfd75782a3d9b50736bf3f8dbefd5c9aa1eb21491917
473|20|bullfist|ferrocyanide|0dee7e8f5f27bcbac8f58b0f4e8c69ff2cec393ea8d35afb5bb3d9ee028e2100
474|26|galactorrhoea|overlearnedly|e5f78eb23af9713be2ab9ca3ae06ae08483f172f3c3854a812b2565e700012b1
475|19|ovigenous|cautiously|a05ccd2affecbcd83e23ac4c4173d83c7e2591b4b494c0c5fbf8be039ebb37a2
476|18|antiricin|psalmodic|51a714913c0e3339e61d4bfd31a4b36e8ab3ad82a3ec2a617aa3b500aa1545f2
477|13|piercel|alkali|cfd21605afb8a5b4c972c7cbef6edea9978add15f11a2e28bea7859df4bde3fb
478|28|extemporaneousness|nonvesting|a9209c6391d96bc99cf1200ac722a1d690f17aad70aa2ffe331fe7de22155ff0
479|20|adjudicate|doubtfully|a8880fcaacee0fa385d67380b5d0ec94e984704504db7a686067ee22883cb49e
480|15|moise|supralocal|8752ec75f303ea2abf1614d28330567434855e5c5da023dbde28c01777cc07a0
481|15|vitapathy|acopic|9ce76fb0f4b2ff6413613f6a2ef392cced9c1d75c21d332628306c27f741f4ca
482|19|achromatopia|acology|8559a4abb9542f52f394554768c5d2bd98a9fac1040aa352e67bdaad4828f6e6
483|23|meromorphic|rootlessness|65d6571ef053bec555ca133de95c1e3bf6b901543fd2dea72f7705337d701ff2
484|19|Daren|nonresemblance|804897a8d0d5e53d13dd1de52908f764be0906855af2d3c61e588fae24d9e2a5
485|22|suprarenalectomy|objure|f6508f3ecc49d2379e262611b3a07f7baabc6a9a5ebbeed74a6d195ab7c35b8a
486|16|anodyne|histogram|f7457d5981be2ff675a7316d3bdd8aa604e7de518b6b4e0f577bdbda0c2474cc
487|10|pic|hoplite|c23312e71eaef40dfcb7d6debac08deac6719695075e016de88154232b60d2d8
488|18|viviparism|exemplar|2cdb60b93226993d5849be27e2515168e1bc2507198048c087846325af7ad65e
489|19|shant|restitutionism|363815e39bf7e1b3eeffa84446a78fb8d8fe8a297a635b7491c99f24444a6b58
490|19|monostylous|ticktick|27ffbfdbb729e3b8f8067a3391abfabdb331a7aa305a4b3806b7feeca1b353d7
491|12|ubiety|earwax|9e67c535afc9959b52c673d67194cb0272cddc6618817c1d85b35232df7347c8
492|20|irreproachably|arshin|5a7f2f3f7890d1de2397af3eb9be817d974274dfd6af23112a1f33e6a11fe688
493|17|nonerotic|weakfish|9ec24ba5c7c3e4b188f31188dad0272fd64afcf8224f1acc849cd553693d82c5
494|25|consecutively|archboutefeu|e4ebb214f6f7d13cee3bb6a0fc4d8bd13d39e592eb75128be11367ebf3d9937d
495|23|brattice|heterologically|45a2197e3839a2e4539de0ca3d3ade3d8fbecc9e88843de450f567d55e60bf80
496|17|acinaceous|Clarkia|589f22e1aefed260d5aab520fcc306a72817f9fcc999acd795ea8c07e1d47114
497|21|audaciously|Carinthian|d1f7c94058db4ad8f092a3c921f1fa0e77f944e4794a1f43c0f6e955ba4ea086
498|15|macule|stibiated|00dda0550fc256c76fd1363ebebb79f1f2a3b4de5a2ab3d10248d3015a9c8c0a
499|16|cosmogony|carceag|a9b03a920907b9f83528f3512a276e30f63d603860e7f05511022b5d6fb7f322
500|22|noncreditor|monstricide|ccc5c4300f10ce588327235104ad7afe3f05e155f208066d92368f97d1d6ac8a
501|23|sublevaminous|silverling|2e289bf931307e174068088467b7eb7fbaec42236ab97ade5ddd77c0a89b6858
502|17|nowhereness|puffin|1f59e3b261e4d2b41371adc40e8b31618802d1bb6c0eb6a341a10c2441d971d7
503|24|isodialuric|revaccination|2c0ccf6b8b43de7ed611bdbd64548c25147088a28f889cc3d21d000f465521e6
504|25|countinghouse|reproductory|43bc3706f12ef8ae9644133c4a4164cae56d53ea247b8741aa3a21dfd4c8ac20
505|17|finitude|invertase|59c5eef5b51c2658ab6e6cde6aedb4c4a46fc268b5836547e2b0129fc79530d1
506|20|zuccarino|Anthropodus|2cd393e1f55ff5bf8542b44c18375fdcaf12ad2a09ac998045a2842bc98f40f4
507|20|Carthaginian|Rodentia|948faaad79c25b5c20483029b9601f9356a8705a417410ae1685093ce9e11323
508|22|metroscopy|panchromatic|462b1ee35dcd193186f3757900b1d1ad9df6dc5cc1bea448440a3f79e9b7f9c7
509|18|blacksmith|punching|9bfc2a5d4a275281e60821a88023f95ff828e4f69672c7211566b06e6ebc9205
510|18|gladless|unreparted|189228fe8fd1cf9f3f6a840e1836974e28a4f8af491298557d6d49ad89ffe26d
511|19|cawky|unpacifiedness|071a8163062027d353605af34b2d2fc7c4e3afc8ec37ddd1952b83696b79c726
512|21|interlucent|hemostatic|f0c9b8da279083e961a2df4252c1f9a4f2a6ab3a551c682ac4436c00dd7f755d
513|22|compatible|Linguatulida|e3f507942f224e663da0e3714c2188ec835bf1ba62dd6cb4bdca2e1897d574c7
514|12|legate|patent|cf6bb01bc7e39adb6cb25eb60e8a0f352d217a293fbecdfae0d855e11f65ef7b
515|17|euphuistic|fulling|629fcaa41a43b7569df33d9c148d3ee7c29dc7134c1c01ff8f7911442175119d
516|18|chiliadal|supervise|5c1f8f86cd7552dbebbca06e25e70439c25517e310df5fe2988e5442bfd17111
517|18|rebook|everydayness|acc562817e4b205ad683f3bb7ec63db88542c0c73f17e97a23e6fab73a020e3b
518|17|husting|unicyclist|02ed1782f3c04756f86fb01fea41055cb79981db5a4f35f19a2fc8d985974a56
519|24|polygynous|multispiculate|4f24e3738251886355c1737c4da538248e1466d766dde43436e81d7e204d2b3a
520|19|nonechoic|indianaite|10629b2245228a0d9cd2b292ef6fb565114140d92f286589a2589e636ac3d03a
521|20|nonenvious|aboveboard|0816857bac21ee59bd6d17749ec218df4f409fdb46813829e4592d8aeaf5c505
522|20|gravestone|parciloquy|de7d07fea62d6a8774e9917459412277180a624d163279e78cc4db0485158aec
523|12|raper|jackety|ec91a6aaf7eb05bf751e8f1f225373940c3dea5bee14669ef7ce4ad267084aea
524|20|untippled|necromantic|70f1ee630411ac60487ddb9138b1687a02c0e0a93e1998644f2fdde20ce97da7
525|17|iconometry|bagpipe|f68ccc73324872e8066d4b9ecf5d5e1c221f57c55ef2c08a83260f05ea5baead
526|25|ergastoplasm|perspectivity|0548a88777324b20aaf0745b20581e03bf52098c65afee9891b8ce44027d783e
527|19|ducdame|anthogenesis|02e796bd78675c64495790afac537ccf455b0a1fefc5416e54c4c4961a713936
528|19|ondascope|cellularly|d22e137f48626cc1c79f47dc552e37c33a5718b3683c229409336196e3e3b067
529|19|tautologous|varletry|f2277843f310fa8c77d25b8bee7f1fbfe27fcc0449993e23d40da96fcd77a43a
530|23|intolerant|angiocholitis|31cf66969bb1ff49f87a5fa91a871df9bc9d0038cf82a931a62101057a0d7208
531|25|hypersusceptibility|garran|af8f0fbacd98f4c697bbaec514e34ff1b28a807c8c667ad456af7c24743c9fac
532|16|muconic|Chamkanni|e0890f94144d4a2712841c816bfa14301dffc9ed8166436896ccf915ff224fcd
533|23|undertyrant|plausibility|c52614b42968cd0ef28ebf591146e40680079091b8465c9c549a3ce81611270f
534|15|consol|enticeful|585988631257bc0acd05cadf70a89f772e3602f1dbe958ed4311224a2558582e
535|17|immersion|bretelle|96840330fcb44f869f7c6450494b80635c28a90f15fe44a86a3cb1282939d891
536|22|hormogonous|compliantly|0da60f3733a93c5744d9cb1945ff15f5fbb1ae7b94eb35af9b55cdf8f00ce4b5
537|17|musicianer|protege|99dfd2c865582eef63b5137a852dbfcb7db32a9ed8642b520f466cf9469fc925
538|20|fustianist|horoscopal|76942139f463ecfdea70f0adcf73bc553a9b653d149985c6f7bf4741b71a4fcc
539|17|predoom|bacitracin|d6115e319fa12b3a0c9e8d77ffaf239a2ce5d583cbc7218dc1c61f7a8078bae3
540|16|fasciodesis|grove|c004123691e9dfe5c7292a7085ca32e053647dc245d96f092505114c220c84ad
541|20|osteoblastic|overgrow|3bf893227be91ee0f8df87ea66faa5f139ffb419f8d1f6f1627bf90db0163ddc
542|17|picador|abominable|bb045dcd45160f69ab76bf98a8810dc3bb17b0e68274e9bf8415180b316481d9
543|16|sheen|congredient|9a913a59068a6a7ae9e6d522d25a899620b5dfa338fb4b1dfda924f60fa1a7bf
544|18|bayeta|uneffaceable|272644505ca77b735f179922dcfa194630a385759fd4e02faf94fd0a95b6df18
545|18|semisixth|clownheal|163110647af549e4b2031d1d8c506299e9953d9f8dfd729ba62ca25e3f1bb7a1
546|22|phytoptose|angiocarpian|a2657c7914ad974153a51f8c2de2611ef6ff3bfffab24495936c1c724dcdf8b8
547|13|scirrhoma|stib|062f156d875697e43e70a5bfcbb0834bee6d3eaf5e676a16a1e228c6fe82fdd8
548|15|indult|alongside|80035d287c3be138c55c9aa8ab37527ce2cdffa8b8fe295b17ef2263d3b7c66d
549|22|aphrasia|collochemistry|e9e315df11791460b0ad671be4eea8193e6d6a58c267f4221c289d51d9fae079
550|15|stupent|thiourea|a2394c7027406962cbbbdca58fef6630413eddd550f3fbfbdee6a96e168950c1
551|23|antepretonic|continuando|7ece972d7fec860311c950b2b3ded62959683a84dff45bbd2fbf21c8373b1336
552|19|agueproof|paraphasic|0a604274966165d9472f525c47dcc703e1d10086b63977b76b7a6623836fd8b2
553|25|unclustered|neomedievalism|b225816ecbe5ddd5349e6ec96d89a0a79e8ccfabd8a6923706f8a8e8a7ed0717
554|18|reasoned|unctioneer|d8c4a0f05269875516dc1460767ed906ae7b6b0d0b4695f17a943957facc74c0
555|18|clubbily|holophotal|3dc682b56908d8f93c63b61792745fcb079333b8362f60ecb745c7addb1735d6
556|19|wondercraft|sectoral|e0d58fd057d60f1a11026afaba16cd41fb9e2565b4e9e1bdb49c6367e2f15aff
557|18|trapmaking|flatboat|58cbc829d804b59919e993a9d807a1893fd3037270622dba030ea4bb29de6fa0
558|20|arytenoidal|columbary|dd98b6f68bddbe1206a2b4201b9926f3d836cd0a2479968857b2abe838c2d8b7
559|20|starchily|Protodonata|31a0e7560b2a1d203d89e7bcf2ceede1f2ad5cca9855299355c2f2dd6a45cd8b
560|15|coplotter|stibic|8c1d7a6bec3bed354da13feebb1f198d0660d9318f151e6265509b3b163047d6
561|20|venisonlike|accolated|7388852eb1a5370b300e9589b72e0604dad4d8442a197ad226115845df035123
562|22|thaumaturgy|vinoacetous|c362f674c4f121cb6f68ef285bb4582c11914fa80530c11b320b5e54b50bf648
563|18|crimper|bloodworthy|0d0638186d762a9c6b42701d7dda27dacd03657bf9ce3bf93ec414fd6adb69b0
564|9|gleet|veil|95c816a0e17a9e0242b583a4dc4d275a233e265ce944bee87159f4e928a3f749
565|10|freaky|odor|0a8ad37f435c2bd89b74a3bf4d7eafa954d5483d9a10fc22be43b597b5c77661
566|19|tarsalgia|univocally|51e19fe0de5182162e85953f0c52fd4fec669ded80c619c32e977a4f7b763e35
567|14|ungaged|bifront|7c318baac2d3e6bb0d0dce5a50269ee9312df763e4307ea1059ed6aa59102f90
568|23|circumambages|repellency|075eda93c0cd39fcb7a8560d5302ce92badaff18aca1526f79d813e99ddd3225
569|16|protobishop|phyla|71611eab210676a10e061e9696fca420c8aca07ebe66a0cf25c160bd4bbbc070
570|15|Brittany|nidulus|1224d20e95839d91fe6f238a6c10ba80effb6b69fe698478fc1bc86b7dc7577b
571|23|inserter|Pestalozzianism|78cd46b3b3584052a6668d4d021f0f6a7fb84e0115784061a07097dfda4688a4
572|20|nonrelapsed|striature|22199978d0ce30f7f22409bc5a31839ac2beced6da97c00f1219217fb40932a3
573|18|increasingly|mostly|d2bf5421cbcf3545a2a8835e5358cf363ef8c0355ebb863d6a6851f1e5f6a029
574|22|shatterpated|partialism|6853f8d0fc9c3eb35c2ab75ac8ea2a31c46f7554c507deb6949ff9c8993f1ecd
575|23|superciliously|feverless|6c1d69ebb1864e09f16139e02892fcc65dccf88c8e2a36d97e7f99579eb96fc6
576|27|Columbella|superintendential|b94d7ac9c76c3af99728717376fc69712b543694def757d8ff1013a8656ebfca
577|23|pharyngographic|variolic|678f9c8156319a9784dc1a414e72a6b948eb078978afd34c00a459f7881c7e88
578|15|oxalamide|inhume|09c9cd0849748509d020809dbf804ae1711b5345202d499acf7dca215e713ca5
579|19|Archimedean|unpassed|0fba14d16d8ef93a1e215556d59649c9b5138058dc86e9a876af24539d9ba104
580|16|loafer|radiophare|a4a14462f0a0872b2c4e5920262b34d92fb7d945b261fc811aab2a4973e7c8ff
581|18|schillerize|colitis|129f28439ff7de40cfea3638d4b5dac401c75bfca6c3cd359806022eb9593e77
582|17|unsurfaced|fluidly|e1ad6791ebc7c2101245c21ac6dc4678ddc135a3a9283d5ae019b8049d4593b3
583|20|quadrilobate|diplopia|d555e4375aee243710e6e73e44d09042a6776013a2ab5f3ecb29f55ab087e29f
584|21|actualist|Pherecratean|d53ac7166222eb552547c9c6f748bfe0b7a2b54d4773d7828cc44bb7c780b0ac
585|25|misappoint|gasterosteiform|e43f5f5ad464c1a321d4eabd4fb44f8f3b1b3ada18623bff0662b407d8fe6c6f
586|20|theistical|unshrewish|74a692cad25cd620ee9761faa9b474f15c1d42059cf93a4f0d0adf7282bacb43
587|18|Hydnoraceae|Arabist|b8935169b64b0a76d6b8b0d2bbe66d317964e43adec5c0edc180e5b6b1430067
588|16|quadrature|humped|b1f17ab3c8c55dcfe86c4a053ac480ef961d9546f93ea77161443d8772466b75
589|20|Geraniales|spheroidal|b2d895748ed96dff37c115d569ae5e36de7097c1fe593a37eac22784205de77a
590|20|subrace|viticulturist|e4543fa0356b5ad72311493ca710090ab9a862f7992cfbbccdc20def10fb0fc0
591|25|synrhabdosome|unwarnedness|a3f1e5615636d9de204fd614fdcb233637867debbbd179a5d51cfbe3f07e77a2
592|16|Duns|xerophthalmy|8d3f32cc45bebcd7fc838141eaac0bccd6a622ada3f90a7a0e6c6ac9ce272e2a
593|26|inapplicably|incrementation|6ab6b2483923a14bba34793d2e940c7a799581b70153526ba9ccb81ccb0b1469
594|22|bangalay|disembarkation|be404efaf248cac838ee38db748930f127ee551fb345f21f09bfa53b885a18ce
595|14|arthralgia|Ahet|93a2529a2afb39cba24d07936197544828fc281842945f50714e5d94f07a0710
596|21|countertierce|otherest|7f66f3aa933f773d4cb993680ae922e9d8676ab63ee2e0447f503bc595b2a3cf
597|16|amyrin|patellidan|5fa9f71e8c78a30fcbaa995ec730ebcdf6af4e80f872a8684748ede2c6de42eb
598|14|adad|coproducer|af06787ca91f58e56e59c54d1daae467074fb9e8a2dd23d761ab883893b3ca34
599|26|metabolizable|quingentenary|ff4c693eab3cae5863596c1d8e39ae4f0c2945cf662de1d07d47418fcfaa5a68
600|17|overlow|Zoanthidae|b02285c38d4471f7e25621ff749ee8fde1b018fce7a01a51568b502e4e2d0b8e
601|12|licensure|nae|7f3a53e97d4c89b282e18c56e2bc9330ec5c09ef268e7a1ce7c47aac5ed7c0fa
602|14|tassel|Hinduism|4d2240f1e27fbd081b85092abfb5bf4160caece050c40f8f93f1efb8d2735b28
603|21|Gymnurinae|unbellicose|47dee9b5dce57bda0f240960fe62b1ed28b6081167762f1611f10d64c047741f
604|16|snoop|autopelagic|ccaa117abca55ad38af2b8e37b5e16b54de3a79d9565043434367d3612e1e268
605|23|flashtester|sacrificator|2c067d06a9e928eed00a823221b8de7352935ec16aacb9e7e89e3c0950dec1cc
606|21|unpanoplied|enteromere|13993e248e6b28db0af819fefbccd807732ef91d6e5104811abe1f614ca6f693
607|15|saturant|tortive|636f50cb65fcf7391be3b344700041d55bb59d9a5124e1672807d93c38e3caa9
608|13|whorelike|song|15b6870f831ad00c4c5274707fc037d9e2585cc00170eb0635048ecb01eeabaa
609|19|pentachenium|grapery|dbe61a13c700755aaefe22f7de49d49aa37095be74f172236bbd5716fb17a5b0
610|16|incalescence|Wabi|033eb87f5c0c60c7eabc610bc9e8a06b873b5393f9989e7d9ddf147d714c1b0d
611|16|dietal|pycnometer|ddcf62736b1c0f25c51524a8419b6b72ecdbe040c622cd5f8cae214d4fb747df
612|29|subadministrate|prereformatory|569a52ca988446edd5c8c251dfc20364f3e1af22ca5830f166d63405fa9cc7bc
613|27|nonsupplication|postmutative|7279ce81ed1cf11f90e106310630910f47b91835b25e4113c1c463c355f370d4
614|16|undevil|sidetrack|7af92ad86c1754d154704289bebe6489483af179a19281973b18961743e3d096
615|17|boldly|roupingwife|9432f5899d38df81ca0cde84da1d217045fc6eb1e81cdda6dee4c372e0e1d959
616|22|dilatedly|pulverulently|7cddc68b9e101e6d0aef2f8f29c3bd8938cf541bd4c10917aa802b0e20cc19e7
617|14|vaunting|bilobe|b5ec4b39b96718dea205f90a1f55d0ed2772d4ee62edeae078810afcbf596263
618|22|jimbang|injudiciousness|1b919f924e77893370c4ebc48e9144025f201d5101b2e9527fc6ac2ae4f3ab4d
619|21|translocate|pleonastic|af9e8a396ba4f95cf26cb0a1e80e8b59415160988826122d92740c51de54ca68
620|16|frecken|decaliter|09f354b94dae82a5fdd48308af214fa4722c0f80855d254169ab9dad919e26a3
621|23|cinchonization|transmold|d11586f9dd4009a0b511476e4648aaea95ee294a3ef996e66096b003b52866d0
622|21|chitinocalcareous|amar|d9cbdb36837e5650e11268ef1cdad47360572561925a20bcc90a691b4bc5322f
623|22|dimission|semicarbonate|975a119662ba660de6f6859eeee29d0d0549010603f18b595fc5a6473a15011e
624|17|pantod|antiseption|b1a7259e1542dc3fa2677962e2ecaaefc24e0094d076a7fdae2ff83990d8a6f9
625|23|postpituitary|antilogism|688e215686f69f63cdb9cd725a69faa89460f9256dee67df10097bca490ca9e2
626|16|aphonous|housetop|84b623d51b37715d617a82378f4d913d98aa755009ab844065a40ea21f23e0bc
627|16|disjoint|strongly|5ed1ac0562f5e0dfabe3df8a615e39d646bc65aa34193a3c80c4bcaf3b1c4f06
628|27|lymphangeitis|respirableness|353d85f748a8b3c4d95212bc0b03f909b402549ad35e5d4d042476bc3936e34d
629|21|nephrotomy|imaginarily|326ca9ec3df96e01b303bea2074dbd7e050eb4abe36a7b7d5fe6af9f0f673d99
630|25|hemocytotripsis|dreamfully|d7a91255720de0d5ea07405b48ee7f5a4e922b2c1aa1579af71171f662bd138a
631|24|Neoplatonism|unfuturistic|fe5fd4ceb1562833a204645f7cf6f6378bd0ec3bf20e7c18be7bdc24b2696b6b
632|21|glucosine|Pteropodidae|1cd39c7f0d7ce2b25fb491deaeba27b35826873bf0530c3378649a8ff951e619
633|14|dependably|whee|da870fbea97342786f44512340a53047dd7cae58dba89215a38928c6948b5e1a
634|12|rosated|linje|6917431900853d371f76882f0b178adf76210a9f8c7fa7275d412fe21ad10757
635|21|virginhead|reaccession|76888403541a82c7da47be50501b6bb03c55318e0af228cbb289e6fc6e3dcfa0
636|23|recomputation|hemiacetal|25e3f4c92ec0886e1324ae80b1f33757d16d7e5e8b7227373c718614b4bc9e33
637|21|Goemagot|Echinodermata|b23a826a275af1dff390b3415347442b46382b8584977fa852dc074a7a1ea5a2
638|18|Laurel|zoospermatic|bff422ce902a58c4b73c6c13241c1d2882e0dde181faba8c7cfdd338bc20d603
639|19|greentail|tearthroat|7bda807a26b894a70517986be6edfb706b57ec0d3a2688262045d95362a5561c
640|23|unimprovable|wisdomproof|df40829671d309dcb64b585b16e6dbb694c864a1db08263e8340ab3ba9eb5f96
641|19|statism|Guttiferales|83fe5e19ac4a1a9100c90630539130fab8acd32c435895de693ed033090cbbb6
642|17|carbonero|birdnest|76e350231d130518276516338f9ee7432654774c6986ffe687269eff1403686c
643|18|Osmunda|torsiometer|b6fbf623bf30a187396650579068099e4d5e760cd799e4c6f8d99baaa9516e51
644|21|reheighten|scutigerous|791c6d915c1224a84b7613ec176f0bbaf5c670033aa90d44d2f028d5d1f059a1
645|21|unresifted|dertrotheca|3960e68a912cbd1e98e0876bb699f499a19d93311766205559c499de19c92a6a
646|20|bataleur|resuscitable|e992fd47dbeceba92cdd482f1e94a766b3cadef4dfeb0272b05124f0d980cd29
647|18|fleetness|nouriture|e94d62a23d55cbc187d2f544864a55b218c8dd8d4a1e23cf450cfc48417f7039
648|16|ruefully|plutonic|a566a1d4b521aca22fc6cc71656a2b4875b8ff568f01415820380929038db383
649|16|wummel|ammocoetes|62978822d6e94f815e5a98ab470ca745af3141b27be123f2c96905e54ab4cbed
650|21|ascitical|prededuction|2c4f9f42e820ea76d82474c2bbe8e12fa837d5d9cecf5e54f3fdcac7480d7801
651|13|linch|archform|4114d1749c99f26ed1ea9b55f21eceac6a174ec35acdfd2a643015dfc78bcb95
652|18|predecree|revarnish|965524b1a9ac8925c91f9861ab462f5a01be8ec242a062b7f3fe0e9f3894e44c
653|17|sprag|Waterlandian|93ed76700885a006926fedd2f601665003177910466556e6bfd8ade4b3cc8bcb
654|19|overconcern|mimiambi|d50f0010a02592c4a4f6e344b1a538217b516c68a2dda0082cc61206cb5a2fe3
655|23|chil|palaeodictyopterous|7357c80090b608b1414294c59784a1fa1b14d3e2bcfe091893565abc4d4c2345
656|12|tubwoman|myna|407171ce40f131ecff41e3108a6d16be5011612c2b8765e423014aa1289447b4
657|19|lubricator|doohinkey|e4ff587d9517c25acb6a24408a7adf67da0cb1f7b032de0e07e5a00cef01d70c
658|21|subsultus|boilermaking|e4dc412c72b5f103862b5a9a28455a97ca66882da41d6411ca35371e7ec56764
659|22|disaccommodation|muscid|340ed53c0a1a79a27e06d8f6ab1b91f621641f5cd5441ea9641b58c8c15c4aed
660|25|catalytically|coscinomancy|27c414b16bdbcd572636f722712cab2ceff05148254fefe688afa9a1523be1b4
661|16|brassart|boilover|fcc954c2c833b157bd4a7feab10fbfd2e6f3f4797835039415d7d48dedc2cdbc
662|15|Wesleyism|Eskimo|00501bdae9813cceacfec60c85b83166e824140b9e5d19fed9acb1bd85b4f29c
663|28|recomposition|overinsistently|5e9047b349ed7e08b2f02b1f97df52eb142f633ef951fda16f7582ed27d08916
664|24|cestrum|irrefrangibleness|512c492eaae59d3d42eb4748f6585043fe11b296911c173475a245619ea7abb7
665|18|Medeola|corporeally|161093b8b4c9d04b07eebd417c7dea28601296ef0e87b39a736778083b54d4e9
666|14|averin|encolumn|cb443f8c779767a895e9b7a29f683ef0dc6f9af591c52b67aa96ebd94ffcefae
667|12|Mars|cuttable|c04e38f41d849ce2bbd249d3d6dd768bf016bff426e6561c0af2138b55212e4d
668|17|hygeology|chapatty|465ead5590b70e3164bc877809363d1976d4d0614b037e346d638ad552fb1c3d
669|22|valueless|anomorhomboid|31fc4e139cef14acf933cc9b425fe24c9e77ba26857a014bff1d665fc17f9347
670|18|plagiodont|Didinium|dc665dd83194f22b1a9a8aeec9421636b5e6e9a4bff0a2abb2e1619b0ddb25c7
671|17|supertax|unexalted|e949cb688ca312da2c1964a44250172b0d0761abee84f166d7762d3d306b86e4
672|15|briefly|dehorner|91962f8d4486978cad1cdd05115f507eaf8bf11458f9d647dd2ee8b9d54922de
673|18|orective|relentment|7624b6a205d834a3bc980711f21485091d10ef6a9f11b22bf6eb13b9dde25890
674|23|postpositively|orthoaxis|7b453d586a342bb1d0483608f4d553c38dcfda3c7ccb86f8b1500c427054cf06
675|21|invaccinate|nickeltype|da6d6c489843152225523c2b32032ede0c18f5c155bb244b16204ff787bf19ec
676|20|spondylosis|brewhouse|e970a9c1d30b1ef57395b979f59b70cd8875be538939d98df18ae083c0b12c65
677|22|endothecate|congenerous|921595dbe5ca8918460bdd8da8a54b037e434540bb7fd4144fca4e42ebcd63b5
678|20|aortorrhaphy|Lusatian|ba3a89687fab755f38b75e18f78dea0742d6f1b6bb153ed234c8f9ebf150d18e
679|18|sackcloth|doctordom|69340d4d0fb4a9178d8727bb7b0c7728d983fa6dbbe996edbecb9bca313fb2ef
680|23|platanist|ammonification|ae52136d2f603bf9264b2edf84d4694e99c449a43e43cdda203b50a8ae5d3af7
681|25|tetracoralline|recessively|dbfb722070a6e79534d1fdd97ae854a9c59047bc021eae74cb0837114cc003c1
682|19|condoner|Thyrostraca|da2a5d70e4ef4aa2b04d50263bbd4998a6448fe84e0519ab60b7aefab1445f3a
683|18|revulsive|occiduous|49e6a7f86aa71dc91993de41a68859cbff9312c0c7db54b7fe1b819607eab774
684|12|islot|siering|6b2cd04d4992b34aece5a35873c9373a92e0088995656db75baa2e2ad8971e0a
685|15|pairer|Valencian|5aeea2c41b57e3a613709b9a0fb7a7b574ee5055992c57f599fd901ee3687220
686|16|Titmarsh|flowable|73459a7f289eae491b39abaf6b122e3a071d6da1e85130b9fc76521b1231d154
687|18|accrescence|seismic|5f333c62792a025a0bfbc94b4f18b338bb704d8668b58a66125ef0a9cad3e94c
688|19|puttywork|pyrewinkes|b892ec81c127e85d8b5dabf416a3284ab693ccd2c41b4be39b344a43fcf4a77f
689|16|adsorptive|bedoyo|c37a536aba23359e5b105e25d0df10193a0c6e299839c02c75ee8a4b1cf3169c
690|17|nonjury|uneuphonic|56dae72fe2e245550aed1356d3b9cff4fc7e32594ce57ec82b2beb0a9cd037cb
691|19|suppliance|compeller|a2e9c6ce9e3ebf7991c74212dd0706604e534d4f2284e0082211d8cce57d95d6
692|20|bedless|squintingness|17712a1688334691dd5cf257142ab7b0c15135769709f518490b70385cd0a749
693|13|sporozoal|jail|9b0489502a8577dcdef4384130d65c3259f6a34f4ed67e6c31b5bb9031e5b708
694|15|taxicab|unsombre|3898572b9827e87d43f1bceb44cb72e5687ec6d05489a0fb2fbdb323c1570627
695|10|synod|mecon|0377947670656b1bfc45da82635ec087389b93e96d765ad95dddae7d1a48a01a
696|24|unindividuated|broomshank|27a8a5896fda0add29a2b5c7804f672855e09e1a41ef74ad73a0b62a7369d4bc
697|19|colligate|measurable|14716ea176b5cdfaf479c79737da8c3711c11f08bd8a568407dd622692faea08
698|20|sunquake|ateloglossia|1f8fa5c6f7936c2805bacdc3da9074062a3843846467364ff9a0dd899325b825
699|16|wintry|vascularly|c8964125d598b144581ea43fc62d34ae6e637ebfb605f4717c5259fa19abcc6d
700|21|platinotype|Archeozoic|4fc80c8c50a1d27d87c6b8eed41d167be05531f5fa740d67a826bd9dd48fc58f
701|19|prosopopoeia|mirific|f88af675f214a660ad646e3e6255cbd1caed39024f63a1b43c46f3ffa1618294
702|22|basiradial|tetrapartite|248d509d28b4db33e3c8341e1ac8762ec0928245f4652ba95d3b9ed469f6a3d8
703|15|clysmic|clubland|424c2165ac80c0be8fac3cd93309fd77eed30ef6ef89e1e01d4b7f514c171d41
704|12|Sicyos|reheel|10d7abc553ebcde72b04377668a58b806d994caa5b9e5932b1fef6e7dfa6fe3e
705|15|artefact|becolme|4db429cea0b21242c530c2a8a11c127dd32712d1adc54b2487307a6e5b3e29d6
706|23|aphanite|architecturally|c0e096604187e48fbbbe4f417da886d9c17c6a586bb0849fbd3ae8e5521e7bd0
707|23|Cambyuskan|disintegrable|e1c26966660ad293027b02aa5221de9ff53a18513466b195c1e0fd41a781cb78
708|22|cogitativity|unblithely|275527e2e7d9131f2ce312bcc1d3ad17012cfcfab5f18dd2cb55c040d6fbe2e3
709|15|dicyemid|aphrite|d64aca63d8c1a88e5859c97544c0caab6fba982e06fb66daa42b6857aabd2dd3
710|21|irreparability|perpera|09359c21ac7872293f2cc4270fdb8b961bd8501b0cc596a9e91d4007b62f3176
711|20|arsesmart|asymbolical|afd09c62767b52b7516f041a68b9dfe2ed22c98d79dc4d53f5ba26ab8772b1b2
712|25|moromancy|Scrophulariaceae|8c10be65cd22d764fbf445ae91f06e2b14b7420ca5a789be783482d0c0c3a86a
713|19|bilobular|librettist|edc17f1d73da22713da6ef7516a8d410206db38f76e014c743369fb1bde93525
714|17|prefatial|stuffily|01f612f7857695b05f6a2a2087d3a35490db77916904d8d4a4232535a14afaa5
715|16|bandstand|amyelia|2683fa1c25d8cd3f48694cb50440b2d1e1eaa4ccdb73fe9c0a2f2a5bdd8b0565
716|9|Finn|tikka|23e1e270c53adeaf1418759ecc70868cb218f41a1f30f9c9f35bfe3d80a0b404
717|15|antepenult|droll|789d42d4f1fa120f8925f96ab1f0b085cf6217436a81ccfe5c8c46474d18ee78
718|17|collarman|allosome|2ed7354d7f58f58034e7bb5c4f5d62d71221ab3321697decb91a39c758bc00c1
719|21|sorbinose|cleavability|4019f18b93e04a2b70102b2c3eb5f8958ddb421a3d0ef688d6b42e58f59729eb
720|18|toadflax|unmuttered|96b3e03aaff803e1ba7de133725494cf1484e547c62e279ed00e42e13147602d
721|14|futhorc|airmail|ea592b804a07453a5592515c52b3635f0e13cf5048a7961e05832e67665b783e
722|15|unpark|coregonid|243b9c46e58709deedc06bc158801aa86b7e1ff10f5c305f0a09f4f4627f034c
723|15|versioner|athing|79dc7841bb94dbcfbe7d44707084dbac6d5b0276b478002d94a700252d4a8146
724|23|helicogyrate|curliewurly|78da6e24ae7e0576c5da9ea528e62e599c84979a273067b7f37b667656de782b
725|17|frass|bronchophony|01ec81121a191a9abd489e4ecba3e38a60906dad3c1f981f7d5cedf8b4523822
726|14|nako|prepotency|c0500082e741c88b19387222c78a143f0b0234ddd2c985b636b4b2e489b33c70
727|13|pulpiter|Iowan|901519de44df1ada3ed05dd831499097c73fad1f7e36e5ac00af0ab081823857
728|16|Puritanism|Zeguha|9c7d3bc6a1a143eaaa429f47cb067e32231f4c45bf3ceccc1b1b202d67c26e99
729|21|panidrosis|heteronymic|cb6aa3c00c449b24745e998b9fd528cebcfaaeb839dd411f2072f984095ec812
730|22|effortlessly|incomposed|0ede54467e1f146069c98524826c50a086a422cceabb9e6b4624e0d66d42e2c5
731|18|megatherioid|dossel|313d2a7cb52897e4a0cf05c0031cc4bf7a7c76403af7ae9eaf69bfc63afd95e0
732|23|litterateur|unintermixed|8c5d72a1317dee4050a89775cc648f4ef5a1e98f444a16c0170a3d69682a999f
733|19|unsartorial|folkland|8e43ba2c3b730bf1c61661b5fc481e73bd44e3af71e09fc60c0471d3076ccb43
734|24|concreteness|zygapophysis|a229425dba5d8662494ec2b9c35c816f24620fe088bf3adb7516819467170328
735|15|wamus|unconsular|0079ac10d56ff6253d4287e865778dd0e9274bbc50a5beb983a3b449dbee9344
736|25|sternothyroid|hydraulicity|370aa2c67af86d55cc2398fedcbfb66a8071e65c96784d7ca3ff1582f0a47342
737|22|xanthophyllous|semolina|33dfb5d7d5c0a4ce01105879c442b98522df39e29cd5fa951d24367fae45b568
738|22|refrainer|Protorosaurus|cb16a5cb5edd7229aed9b2f6a8825d401d22579c6ac9c447b9d2757ac8df535d
739|18|sporogeny|diaphysis|3db3deee1b8d954da537563132d30931632f912cd77439ddfe84ed860cde6a33
740|25|lycanthropy|inappreciative|8177cc9f9701aa60d8b1e1c724b0cd1d5dd2119aa18569dfbcd219a9e6017d5d
741|20|scientifically|sucker|c60ea1dcfa17e7a2f38186d0496eb4b189b86308a1902b5fcd74c558c730292a
742|20|aminovaleric|lenslike|3673c6ad12105d61ab33f50f20e30ad144e4f2d97edf8ace9e80cb09fc072da9
743|17|aseptol|coaptation|b43df256f28f719855a12813961324b45346046a7956938e96c0e43b72015d95
744|20|actinogram|nicotinian|793ec8c9e6f1e415ca7cd2628d853419750a5a0aabe1e0be36689c2d80a8643b
745|14|gild|overtamely|ef1e03ea04471f296c2bd670aa3d976f01f7ad52c23b8021ef1a640b8e2ac556
746|14|doucely|outbake|3234c5a5a6ab4f6eab62c52550deb953070198e0feea0d71e1fa9f5dbc3ee722
747|14|gryllid|matalan|0f1c4e0d0a2a3d3ad777f748be84e61dcf49960eaaaaa56587407ceea0a79440
748|10|unheeled|Po|de144964e7c57026d5694b1b8ad899c9bf57d476f08fac1a33bc3da303ee891e
749|14|lixiviator|lisk|51e5f4c2c944e6f2fe246686b2ccb92a0b98222153f339048fb79bf6e0d94031
750|17|susceptibility|dud|bf78dbae690d672f9ab0fbb1a5ee513487a3ce341b007cb7e1bbd553174731d7
751|21|invalidator|phthisical|eb18982311175b7e10632f8fecb41c9528b71eca8b3c807cf27065855c336d92
752|19|replevisor|crematory|c91073e434184876a7e857d4a07f5a7fce2fc73a177d9294abfe9942ac6c4180
753|14|Apiaceae|untilt|021b0549bae3c2b68f54b6db3f8fe197715f7fc1eb2d4acdbaf7545c6de9f83f
754|13|Rhyssa|bedirty|76d2e6f5d276067f9fbaadff57bce43f09ef2ecb75c92135073c34500390d860
755|17|Balaamite|dispiece|c549fb6489a7d9e9f04f343b359afbf63bd7fffbc666cf4b1dc1235a033b08b1
756|24|doctorization|raptureless|c460ddd4a813989a6fd794225f782907c47beaec77bdc5cae5234a32665ec179
757|22|myringoplasty|trepidant|64fd2d9b7cdc3d90c0541059c212097b2ce095036efda05f65aad598d83ba3e4
758|22|unchampioned|prejustify|86c1de70854f7808d64b014fe54775507c70a0f0b65e6f7a0d78e2df51461d83
759|19|fleetings|subjugator|39d057fa7a5e5a2a2b7d0df7b81bed01db1aecba31dcbc407ccd04ca052bef9c
760|29|hydrosulphocyanic|gastroxynsis|a873c81e74cf0153382ac63a13fdf32e344c549af0f0ff37aabac34c29b6c5d6
761|16|scutifer|overcurl|5e30745f87bac755b153272e793e6073bf9797bf6ad0652c106568d3474c66c6
762|17|antiface|heraldess|a689ccf687b12dcc4c095f5d546c5b210542dd55cb6a0838a7d42c840299b8b5
763|12|sawah|heptite|c39bff160ef170ffbf0c2ea827e96380ffe48e2b4a6dbdf37e9f112e99090fd0
764|16|sequencer|psychon|7ef8a1f0dbc69b44db84413cc3790326fed325f4f17aad298d99fd14c45d954b
765|15|talkiness|Yezidi|863a723d140b712a0c028e73ae4042a327fa374c26eaec3f4bdcc55510985300
766|17|mesode|plasmodesma|5dd25a227d692941405f08cf670c9bb7720f8ce7226b7d9151ed0d64fca77a5d
767|17|postcenal|unfiscal|6d784a5120509df7f1d58f22c9ea023618418fa237a8eec7f119e3c7f094c2ba
768|19|Trophis|duodenectomy|b0c81ac117d58c336c60c87f3cd8eee56aae18f50d36b5cf7cec179b9ce2c8f5
769|17|campodeid|catchcry|027b0b60b9c25871098d6bad0afa6cec0e904fe6b0affe5a3be689a486bc69d3
770|12|Bill|scyllite|74cf9924058781e4d877d7e21c91423515cfff6c7d24f4cc8f5a5558d9e9a462
771|24|supersuperabundance|aerie|0542f6d48f9142f89696b64fd1fd424d7c67b31a8d5de936bfc15accbbebd05c
772|14|suffete|triceps|7265f0bd046ff0858d5833ee1f245bd5b350b997315f5bf130c2fb4e77e09e41
773|18|nothingly|landplane|278e9a076e546a0102b62e7e3faa6cd2fb7922f3f856336d73d17831edc684e1
774|18|undetesting|wattage|1863bb319f9de28f922a538a4f042f03e1b5b505701f37a91515531a188d572b
775|20|comforting|scowbanker|a486c61ba0c024e459c74108ca3cc88fd0206dabb17cf845fcf4e9eae3110337
776|20|Passiontide|saturnian|0c178f142b6850e08e755a176eea76966365fdfdef79007f2e20bba33b12a183
777|20|fribby|omnipercipient|56ac326850b156da8db7698b7e54f3dc5a22f1c74162532a448b5bd53a3f3a33
778|21|pudsey|antipriestcraft|362e85f3cd49d2013ef1c95e8d79ece483269cd509f410eb14d25e3580498891
779|17|babbitter|psephism|556dd506b35dd80a61f65ead7e39f918c43f67a638d9b433ae1d5788475ce25d
780|23|underworkman|lexicologic|bb866e981133df664d73d9d01822fb2a823c64d7a844460589a52449e5f667c1
781|23|accompletive|unbrotherly|93fbd55ad033419565bc5d7a9650d67736ddf2d981c5707e4ff2b4481c642b76
782|19|nubbling|Stegosauria|f76f6ebf3d68b49c17a1c18c17fda5e60c42ef1eee5be07e95952df5a5c84935
783|12|Axel|platyope|190140e104da7e929ad2cc06b3ffebd6a544a6ea29c1f46988fb56148a4109d3
784|24|snickering|amphiprostylar|f8d37e39dead5b86218798d3bec881f01828fdf58dc292b7e5801d9c49eecf07
785|22|derisible|astrometrical|8f0c5a5fb6e4000e04a5de899661efb770073350f4b4bfea9f166032b9fc1a96
786|16|Andrea|torbanitic|d2e49a332a96816c005830499fb358cb13c3dbe15b3b846006912a0a28014370
787|30|aerobiologically|hydronephelite|cd296549e6f04f22627957d6e1c6a764745e2003e1e01cae3ec7c09b0865e3a3
788|26|autotrophic|tectibranchiate|1f790837f7bd2d14a45cf7a988c1750a8b01dc409f7ddca6c7a8d73849c7cc54
789|22|prefabricate|digredient|31d3394c6b4bfb004070f5977b385be7b520c07086a5ec14f5bd3210d03660db
790|20|acetonitrile|podocarp|c2f70cfe17607cb002850acddc7441f82e55f38eb79f36925f1a4b15902cf254
791|17|prefreeze|tinamine|93655c4243ca9f8c705f4737e4a3ac57c4909d11ac8f5249e7c1527d5fff89ab
792|15|Nicolo|paregoric|5b8dedac6b97542773595a5e5da931482160ee957f682e07f224998c063230a0
793|21|mycoplasmic|freshwoman|93c421c24d8e8219ab67e1b6e985bc468125f3bb71e671431a48d0d5ff702b09
794|9|hiate|bean|d735b9d69304cbcf60ea01ea62373851d0a4d745e041b13c5fea0229c6d5a2b9
795|16|seizable|twitcher|a4942c8b1b287bf27958f9f3c09c88048c4154f1345b4945d7d9bb3108c4f7f6
796|22|hypodermosis|dutymonger|daee720a9956560f323e719a5bd255d21e4df71e662a1a7ad8d1c4ee63e50f96
797|21|undersettler|flunkyize|6ee8b3e446568a2c6c8b6a7273e7f416c4a113b9278fa65147af0bde806b9244
798|21|justiciaryship|glyphic|9c82a7572470fd782e50bc006fc8296071e4b31631621b38d4f2cebad7b26758
799|16|alpeen|recondense|d2f9d427ecfb40a00d1eb6be5bf2e920b4407cf419dcb3c78ee8b4f9934f7238
800|15|manyplies|Ticuna|d3bd5b5e854a530809c820bad289a8a9266fef6830dc57f27e1f89c8b0830dfe
801|18|balancelle|undrossy|399e6f9daca0c752ff43a1d7104710a59cf4549bf727f67410315b593f366018
802|23|subintroductory|phalloid|01efc390b467ee0d20ee7732ec091896b53250d342498b96d96fbc81fd9ad49b
803|27|predisadvantage|discrepation|02abc77b4f5b9523988371cd6fbe0d50351ba1c155873aa2eeac716d8faa9ae9
804|27|defibrination|commissurotomy|9bdee84b10307331a279a15894985a2f271918212dc53317226d222ebc9a610e
805|20|czarowitz|woodcutting|3af94d9bc20259da0c66e6fae54c2df0b9568bcbccb19b8d64a618fed5833ea6
806|23|peridental|incompensated|345188ec3bdd514ac85bc33f54696925e503326be1b6ab666955963d79fd1dae
807|18|sieger|unboisterous|8b791cddcb88333b8edcbab5aeb9127399f0853eb092b3ec6322e07205e2907e
808|15|noveletty|doited|c4b3646d1fc173501e86e5553ae57c48dbc17bf15ac2bebc89c56d00815c760f
809|14|grueling|thysen|a9180f43261fd2995ffce1dd075bba425adbd1a87cd34c595e2907015b29a191
810|22|recriminatory|hematitic|22d5cc1d2bc1416f5f768f1c9e8b2072345253d617efb6465bf54c7839fc2488
811|15|astringent|wheal|d45d4a1ec3ec14b6514f2ee45dac1fec91be1144f3e59bece11a7d0c2aa9861c
812|28|autosomatognostic|Camaldolese|14cbbd29baa833f00ada98aa99878bf5e7988db60ed3f5a454d23202fc6dbcf9
813|16|psalmody|misassay|d6a88e3f04d83e90ccc72859144c6d8a0cafdaf8aeccae8e2f0a055a94fe00cf
814|14|Achetidae|Husky|be0bdf5c2441ed77ab5ff45355655b3bee804af47d3043363fc75d6142e70d76
815|14|skellum|bespill|bebf34dc4edcbefa77e28bab52faf2f781e0ec7c822b28baa95cbba122a96b78
816|13|wanly|ungraven|2f174ad1285590c25b80d146850ada544c1fff008a3b3da9a82fe5ca6acc27e1
817|23|nomenclatorship|zopilote|f76349985743b1a01948c82312ddd1cb88308e402bb379a7ff5f9673d01810c8
818|21|overscream|sensigenous|992fb9d49c2d0d09364ec78d8d07b04612699c04ce8eb11f49506a7a469575c8
819|16|nursekin|glonoine|5ff797b60f15f6eed6ca4bdbc48d9645b4d5358709d9d4b6c895c993311cb5e7
820|18|courtesan|Alexander|178e862a01e9817ba948a84a2e5862fd89a2b9efb7ba247caa8cc7c8d2d72e04
821|22|proportionate|quakiness|ae609ac8c82775c32ab23446513c3c3aafcc989f2ed5931602629835c8a9c6c3
822|17|voracity|Sudburian|218fbb469bf22da50b514c0852ada84287615c180690b1709b2e63878b6a21c6
823|19|panegyris|ordinately|f3c38f70f8e4194bdfbe846a48b2430f3aedb66d5df26019ae5c0e78f0fa2878
824|15|unjoin|releather|821220c347f9eb4cda465499a60bbc962666d5ea99059190796bc251f4be57c0
825|15|preclean|Rosabel|6198ee5d6d434fbb56843c4054c60bd947f9f9d728abe5cbf384ed578d3cd36a
826|15|unpiteous|clitia|97d38e3321954c8472f5493dea54cebacc03877a3442d44f72627ea48a5ddaf6
827|23|Lachnosterna|overcunning|f6de581064fe8bfd04a8dead894035c6f05cd4e02e4c86f045f3750a647ad30d
828|23|quarterization|Thunnidae|47de3491ff554555e6882135eefd25907c9b0392b7ca69d02145756721f9d859
829|19|ectoparasite|unlawly|136b842bd1cfae57ff2e5b391349cd82024a83d05d4a81765f0dc2d4fd5e687f
830|20|clownheal|Hippotigris|8aa4c6c800c2cef5dda971013cd8a16382f44efc30a50f010458db7aeed2dc3d
831|22|coolheadedly|velvetleaf|78227251bdfa72496cf79da659a9c6ca3e9681b31773bb4d119422574826239f
832|21|blindstory|prolificity|52bdcd21fa295274c76a701b63cd136a44a6278968a33d665ba035e035d43128
833|16|iridoptosis|pyran|303ddcb23a36cbefc1e7fe55fa13df300ab2d98da1cda205c210ba3e113ac442
834|24|interopercular|seasonedly|13a44484d2d0bbba03dee1554de95a1862847f0f4bcc106f9b47fba368b20ace
835|24|prevegetation|mentalistic|63baa1714400c3ac687e5983763faab7b8e5d6c862a5e4f3580e2dce6f4b3224
836|16|phreatic|bakupari|5508a2fab65f0abb84c4d6e669b64c300da5f2722b653dbfac5b8571b03d38cd
837|15|pipestem|Parsism|3597bfd755b33da855db85cf698ed27e887d6018a0e1cae3d4d4d123451e6453
838|14|mesosalpinx|beg|c00ea7bf6da57f282d43d40fe71bfa7273e3318bb1d5b699dfe525f9db7ed4e3
839|20|prothrombin|tunnelman|caa33bd760ad739d13637e6e03e53a1fbb0c912c3b6d3c951e60f23f1589a12f
840|23|Eucharitidae|Paschaltide|682c2f94fb9495d6bde9f051b04af8577299be2db94b1171556dd2987d08e7c4
841|18|seismologist|encyst|18714499603a2b31b89b6b34646d07f3e105d6e05788c0e9a3fe9127a663aec9
842|19|membrana|unprofusely|555220b94a0164cdad846a41b87adfc4ef0928e00b8dded00d0bc40308ead896
843|19|unapprehending|pindy|a33e28aa92b2925b9919ea7307ff46ee2a4cc4b4ecbb75a43e523ffff4ead624
844|17|rollichie|floatman|0b2b5124fbbd5d56f3e3b03bc815b50a41d8e1a02663c9b35a25e6b8edaf1867
845|15|screwage|wauchle|835e30737b4ddc6699f2f38a125fefc5c1b6940b907cc05cc7f56d6869c7e13e
846|23|papyrin|seismomicrophone|53eed9084ce7be7d30499684bac28e83db30c409b7e93f5c55adaf7621930396
847|25|dyspituitarism|disapprover|f3ccc9328381cfcd389cd76dc7877381e1e27887ba63a8216483318eaee1c025
848|20|grizzly|unshrinkingly|04d42c5c05a2c1c3aae531d3bc5fa4f482413c28eabdb22e0306fa97168f39e6
849|20|bisphenoid|granadillo|5cc0017e16e9e1396bcab651c6e86bbc64d131c229df264d4d7786d4e34bcbd1
850|15|charqued|ictuate|d89e35e493ffa89e5fb96dde26fd1a0c6e4f8beda7baa80f897c300326cfacdb
851|15|passive|ambuling|f840f94299d1dac01792f78003f444b0f986d781fcd20336f25198e7e9913521
852|14|exon|antifreeze|f7796c9eb18e47b639ef8afffc30a7dc1ea764dcb313cf3b1512e84f77e8ebee
853|17|forthgo|ascidiform|8f59cbd461675eb4d9ecd987c4ac302950fbdeb69fc49342f7426146af7fcffb
854|16|rocketer|musterer|91b6d161e7904015e77db2677ae3f66175d263764c3f8837c298bcdeca6bcb61
855|22|vaginometer|amblypodous|6ca71411a72c4f37397ff989730748f212779aa666f0dcaeab26dacf770f57e0
856|17|diselder|unskaithd|51c578ddbd431d8389e0199cbc10f6b7bbfdb6e26f94d6e12e6c5b9445db396d
857|26|sclerophyllous|idiocratical|8b5970e1662136548b84ef6793d4e9059fe9568ef498d06646f54548092dcb25
858|14|kubba|harborous|873eb6a749e2bd0892c83990da38ad8a522649fc1992483da08b6e9bae56fba8
859|18|waterer|symptomical|b16b4410791b2277b36311de3aa086114876e18cf5141fca348c8319f88db798
860|13|jadeship|chink|d66660995717e431089f4c79b976674d4dcb1200c002f3046e7798b138f3a966
861|18|Ceratosaurus|warmus|4dac2144ab890adc8da8f20159122273a81de2eccd789e3209ca234edb353533
862|15|surplice|vocally|760500ace6b28c2e1e68776cebc8171915660691bd1a69333f4261e544bbf003
863|18|effectuate|enzootic|3a76b1ea4da1ecb7b3e34bec97a1604d27a8bf12fdd69edf2286c523de0daadf
864|21|chiffon|photographical|1614ec57c67b068bb1a40986fb6d706f87940ea683d7a84211252d1dfcaeb432
865|20|haidingerite|osteosis|638dab459fb057f7d8deaa8f1ef3ee79b0899ae1a9b935e8d61a6d3c56fc6202
866|18|waketime|nonwasting|2a3356a95718d7998f005431c172fd35acd2fa95ad2160f3876574f9dff0703b
867|22|plasmodesmal|ectodermal|e2e7b99157e9d12ba613a82449230cc3682844d38bb545e61a5c1205ff3390e3
868|18|appointment|satable|1077518d3a0db4407176401aca794887e2ad2d24f7ecfa4828fc836cac0451b1
869|18|nimbose|overdevelop|9331764e5c0eb364b884999557135427bc49048413f6599bc9374418f3698745
870|21|polypodous|uropatagium|5b448890ba96958d027985dadd90dcd109e0cb9444850ff7103e2ab36b3ba3e1
871|22|argentiferous|disilicic|90c36b665c28b70cfa3c94a657a41fe5deb79590c5b16a3c29956fe0c7d1acf3
872|17|neocyte|succourful|ad889e9da7e91de44e94f3a20894036a73c2f202647693f59910622462d03df4
873|17|curvous|municipium|9903e78cdea111137d8139b481c195aa36a2b5ee49118847d9bd7b15b80532ad
874|24|azocyclic|hydroergotinine|eeb8c846564fae5f2b0a2789950ebfe3d044e6e0bbf1f7ae8daa4f5879751171
875|19|orientite|andrewsite|dd3259457040fb25239f44329d8d4505bb31e09ca08a9cd077abfaefce9c5aa1
876|20|shellburst|pseudomery|076fad0f50148c8d4c8f2fd15d96f0478f672ac5a629a3339db55e2238c58908
877|19|waspnesting|unsatire|c0bd28f53acac2e6488ecb5ead5318f23889c257b5754eaa1b560be0b0d2c03d
878|19|snelly|disappreciate|61840c3a6004c5c341f24dc5dee49ea113527435ff0692faffe73451036ed0eb
879|15|soggily|canaster|1b468be1e0d769c8eca7eae91c58549b3ef2127ebc6d77dbad502aa1bff460ac
880|21|weighable|heathenishly|e78eafa3d4f29bba8b72ee0274dcacbdcc9238a31790f5f3367f8f103200463f
881|13|piked|snobbism|ec445f77794c0330182bbe85db359041861247078ab7c3233c5d6c9a948fdf8b
882|20|mercurial|latticewise|b30b6fd2899a27f9d71df1bc44bb9b39b54b2ac0f812e7654e171bc2028d8a69
883|15|Crimean|gossamer|47c8025402813082c226e59b434b6b2f8647e522ebc30bdec963620230785247
884|22|remembrancer|outstander|24045d0fb1fbfb507f82b6d3f523f14ce77df505fa4a7a483a7ed4e6bd58dba0
885|27|autotransplantation|unspited|c85e8cc87fc5cc41c844e1bf2b03aebb17bd5be34f351913f0cd049482e1ba97
886|22|dehydrase|archcorrupter|0728e9944c81c54a466bec3c573ae427273914f3972a818f3f50f3f4932fcbeb
887|20|Penelopinae|unmotived|b3c6b52fcef78047d9ce8e81a4f0e26a827facd714a3cf3717a118908d618e84
888|16|flecken|smokebush|0ed72b749f25720cbce7b8fd0b6340e90c0441ad53cc1c6e16f6de1daa46c807
889|18|shallop|volborthite|062968002cb1bfa2b27aae09dd9fde5bcec5710898cf0a4e9d1d482b989f5042
890|19|advocatrice|capellet|f8fd38f0588af1514efa1223e58fed66d3c0d29056fe372547b862857cd0fd45
891|16|slumward|kilnhole|762f4ac77c001285171e0c83a36789d770849764eb4692f99eb361b44afdb639
892|12|shortish|caph|d76609de671e6a8bf795c7eb7860b4a29a77ba661c65d3d6fec07dab362591b7
893|16|bartizan|heterize|75114d72d3b8c26cc04298f1ab9b269a3a9a50fea8126bad3d0d6625d354e22d
894|21|Trochilus|benzophenone|4d435a954472eba74c62cc39a20a26cbe6546ab0769b94e83f7b321500111894
895|14|Cladonia|hostly|5bd69313bd8d338aad0ed29e094891dc7aa5fee7e01aaad6275b149eef371458
896|18|washland|unconceded|4e438c801f5a038bb83a0cc07638d2302eff155e21e121dce74992a6c0af6abb
897|26|omphalospinous|pathoplastic|216ab7beb1a355033f7be293556f5cd6a6a225f4a60f9a8e594a5bf508544f92
898|19|pilewort|heneicosane|63b40444d6c05347a6a44504ac6362de060136c5b31ce75a3b531069ad428d57
899|24|goneoclinic|aftercataract|568a6432f386a394371bff4e2e7aa52474f8ef6837a5017c9b842bdc922f1151
900|15|thyself|doncella|c97599498a785f8682dc77493b8b58366b33d72ec9174c54c3953b9d20037b2d
901|19|submitter|exactingly|292f26a9ec76163a369e17e07f171b450b6a865c4cb500ec83b25c17814cd35f
902|17|insteep|Audibertia|1ca163c458006026d6f41405c93224d2eda2fedac787abb43dc8900e3f00d3bc
903|25|geisotherm|unscintillating|eefa199705017b37c7932c517844818fcccf4322b9c0da78929680dd6109f27d
904|16|Burbank|outbrazen|7339391dee9a258cdd32427dbd2620e5f6ea0a9d52b7096e405ccb8455db3eb6
905|18|descendable|Yenisei|e7b0b3dcb99f9d978afbda471020e5007b835b5fddfc1351c28d4395e59e384e
906|17|Milvago|gastrotome|808c5065d05bab3ed4ef1ffbc917ab8fa1e600e1f9843304067cbdb6902a3a2f
907|21|isoasparagine|sardonyx|f23dd28500fe4c13e96a04fce897b1462d1791ce50a8f14f3318f4bfe108cbd5
908|21|antivariolous|quadriad|3ef89a45f175f930767cf530e00e5bb63fb38593d14e5dac212767824a669303
909|19|stronghead|teleodont|e73d779099bb1a2875a5374927cb7d3a7b276b46655a19695ee9162fff9f45f6
910|17|dextrously|trefoil|11b6992fc67538a65b8e69d44be75fd104d6b8d469af08c18f3a9246fed203cc
911|21|demicaponier|scaresome|c4b6ecbad23c29c90fff582923a7f9601e055cdef586a1fd8c5cd2dae9236e37
912|17|helcotic|sessility|b86f1430bb402b1a5251283a53b7768852447929ab88612b57a73649a5ca9ab5
913|19|subterritory|knuckly|c3e290f14b896a4c3d20ac51aab4e0b58ca15f48d3ac656ace8683111422d906
914|14|Anaphe|fucoidal|094927b4ef1110761a09bbbf4b9c61a18c3af7d9d333b00211032292ba830900
915|20|depicture|glaringness|3de10b1157378b4c5cb7cfec65c416bfe0d3c62bfd4ee5ca85afaca86ef42096
916|23|duodecimole|dioctahedral|0d5b8df74b084b638adeb434b414803f6b7ddd68dbfc35ecb964521c81ad7b13
917|19|prepatent|Monomorium|458d5d9844f9ea122b6e4a4216e54d18435ca6545f7de7728326f0b40d0574b2
918|25|semilenticular|Alectorides|ee455eefdcd62936fadfd4eeaeeffcced69b3b02b98d5f683e9266541eddb1e9
919|14|afar|Cassiopeia|b5d22f323c658ddfd23861d0246f256fe5e54d696b7e1132564669337a587b73
920|23|figurehead|vasoformative|ade2cde23f2fe6447fc9b607d912556e25b1567935085f68b316749f8f8de498
921|15|domy|meromyarian|5710800c9672ab26a4593a2d23c3cf1573ca37b5d2b9d53e5b014ffd151562f9
922|17|agal|piezochemical|42a782c4c1168b05124f621a4fc6baa922a29e92b4753205634654d15931fa5b
923|15|utopia|energesis|3805d4b4460c24de9243969eb0b0d30a75944cd19758332ec3e0b7c46c4fcd93
924|13|publicly|crier|f859bf88c227670b8994fbd5021558f67e9a7566dc918e30f2081f3a854e9736
925|14|Tigridia|Barney|c4dc68c72275da488b866250b8a09d0c3ec3409c90e3de2342bb3adaf3a7e015
926|17|chilenite|Qoheleth|a77223bae68fefb6438ef75d9b561a922d327b599f14481b8b20d3e5a98750e0
927|26|superficialness|monoblepsia|87f4a103bbdfcc56b644ac68add2af26cf0e46cee28399ab30c96f33533f8bdc
928|14|dyestuff|tignum|92c52e032442339577a9aedadd3d62dbfbcfc9f03afd64377b72e3953331e428
929|13|bodger|hobnail|100c2be80475826c0fd4faa5efd17bd255aa657e9fef65712a3052d210d14d32
930|24|transgressingly|exponency|4a1f396610dfec691458932411a9776532e60c6c87ae6ae3c282ef7621d1810b
931|20|deflector|unregretful|e4d15b151c21bb545f6f3bd106586903e4da2a7382a0075f1f9d85df75ce726a
932|24|heptasulphide|plethoretic|3bca73eee0e00cda745d7124f283216a179fd1faec3b816dc9de1ff343ee2f52
933|16|urosomite|naivety|a6dac8b5697353a84285014c4ce54b6efb4b7005ceaf43bd651c1e3b9ff65245
934|23|phlebolitic|irreversibly|8bb5fe1a1a40545101860536b1fbf78c1c3eec5715548cf68cb06ec9a2418a73
935|15|subflavor|docity|8d071aaaae394d28b85cbd3b9021b0c6f0aecce708f93596026634260e9eb892
936|25|prosyndicalism|supernatant|872489eefa693ca0d567ef0dd5c1ab067ae66023916a6e359f3764953d173cc2
937|20|metapterygial|idolous|756f93551ea69810d59398c5e4783876cdcaba7f32ed0961123abd37c29f781b
938|16|nilpotent|lacinia|38342777c016995f6b0fd110066679355a0ffedd75f1bd6f395126381c959253
939|17|hyperclimax|yonder|d8333bc6e449bd39d82adafd3e3183f471cd05f344eedcd4932e4b8e7bbbc589
940|26|isothiocyanates|dendrophile|0b5c4c55b0e2b56ad4dfe72afbb9cef97c26013c6f2cf444aba75d6d47a90c7b
941|20|micrandrous|uncassock|0629f4e5d2487cf3dda9bc55ccc56bfe948bc33b8bd83c4e1eb9ff13ada9b06d
942|23|filaria|nonsensitiveness|350cb5e6f4b5b45f5fd85d4a8a0c87f7fea351589a52bad900d7984052e735db
943|18|traverse|whiteshank|3d4cabe58266717689ba270d39156c8262d7a693bf910c3ac85bdb2774faa2d8
944|19|Ganymede|Iridomyrmex|936677985cabc26f0171d49664d66e6e9eb7a757bd5e5484c09581a1e2c5a0a6
945|15|unboldness|canny|2e79cb64303dd9349af1312e952d87d06f2cae3c152524beac704fb6209c397d
946|18|crewellery|aerobion|296c50105f4430c05c1f395e2599275e2d1055e50f46b149d261c7191a1b5120
947|23|Carcharodon|Pestalozzian|c39bd54bb3d9e668cd0c7c3b4a4163c7e48b2907775dc197ea3b23cf677d7846
948|18|epipolize|Apanteles|e46db0b21508a4aa3a6ceba18c0e505bbca0e999c8d63a9095870dc12131b28e
949|16|currently|Kanthan|3387c328ab5009b5523cb11c7cf71c988462e95decba63ecf8005e828bc9454b
950|18|unwrested|potwhisky|9ebd6e79b7e0b6b83f6fd4df1c90146e37f53767dbd0a119466b74cc6af94ef2
951|19|munjistin|salination|a4660e33d637b6b9d7093b56ff7efd84ecd3bdd0604f97bb3e003350be97c19f
952|14|lowdah|somewhen|416e4f3533d21a022fa21b41671d8b87031726402c553cd5ef114d16cafa6baf
953|13|outnoise|lural|4e328a79b712499eb14cdce6339db4a67278a25962684199f9901d7f46e668cc
954|23|ophthalmoscopy|Stellaria|b0926089c253f8a87e9a9ef838832696a460259a74dd0bd60e82ac13047f101b
955|18|Maioli|reimpression|6c55215d41efac3c32a67c3207ab9e01b85318bb3d8d075900f5f34a90cf50c2
956|19|perivisceritis|spoot|71e8a974f8bfffa4ba379a337a6271a41bf7b37684b02685dc5c0b22634de3d5
957|17|anhidrosis|unround|348f2212a9288e6d8141da7abbc401c96d88a617e364dc75e74e65f1f9c90448
958|14|Annam|Baptornis|d09eb0f5b7f2c11440e3a4ef89b58ddcfd4803a8bb50e55de44dfe956038db75
959|17|untighten|lectrice|d2633f8d85035177a5ef801c6eded7b0aed48e44f29705b87a99206e8a8da974
960|23|palpebrate|induplication|bdddaedbd1d29609c20d5b1d116ee8b460b3b103d483ddcdb2b6fb04c38df7de
961|21|quartzitic|distressing|01088d31d3ce7814553b977fdbeeaceea4f265c5900f532f1bd684ea43084050
962|15|uncloister|thong|16d7e1420438864b46e5e56071dac5ed97136dd9abccc410fd47cc9b7ded2234
963|35|pancreaticogastrostomy|incorruptible|e516183786b23a68e4137bfc4f8731b0b2c25399ab9bc5e20064f0f7d7fcd114
964|28|extrameridional|hermoglyphist|9d2455753b2fe9f45e04856bad0a8502a57e18c3a2049b1995c2ebdf02445c33
965|18|hourful|clusterfist|6877b0a97efdff6c67a0572160c4bb228b12fa0201f7e3b9bd69c5f223a2a3e9
966|17|pinery|anchoretism|cbd22642fee0dba83f55c144ced83b14c8b09846b3ceb86753859ddb21cac90f
967|30|indulgentially|autocoprophagous|9c08388509d1b556daa6733535bf398e3fc118dd049dfc8bce7ec6beb389a3ef
968|14|cavetto|bulrush|53133aa6f5051cd8210ef20a1fd16d9826c35356a05d6f558b33da41f1a2bf06
969|21|unreproaching|clerkish|58f6a0a5ae98bcc997783f1c1de3c7bf615791f06d9acd7c62edef625e2a7ac7
970|15|Memnon|broomcorn|73e26dfc81fee786d88213f8c6a5b2d942d6265a345973faf5ef73332c911fba
971|14|instar|cloddish|eb4da4b8f5eca4256024e2dc6453888f18393c83d4c356ddc761577ea00ff56a
972|24|alkaloid|alliterativeness|9a541cf8a15289dade6a459c4c590a0d6214745c44daf5bebf443c731b9dd773
973|19|eurylaimoid|cynanche|2660f6724cb80f9afbc8a27c087eaaee9afe9a9238de798726434696892a12fe
974|19|undercoating|impubic|22b2de93b6860fb7ec2f9e6139f27aa575076fc5a928616009678b4df3b80616
975|18|epistemonical|choya|8fd659ab3f13137671b0c6624bf1322f94f078c6f206247f7bbc65bac1f7951a
976|10|fritterer|r|d541075d6f02d224f8772426d43eb1491138b2968b8a83a2a17bb390fab73649
977|20|Eustachian|possessory|2c7456001e3311b3bc3eeee56768d776ec2654962253a03ba1030c56ef8f2fde
978|26|infrascapular|dodecapartite|11782bedaa2d49d37d2dd721c24bd87de7410f0dc6061be460006a49bff1afed
979|17|debaser|overwasted|fdc2fe23658a500c03b25206a95a36a048a6b83ff2984d8819e12614229fe87b
980|24|undiscipline|hypoeutectic|5119dfade2069c78efd2427554f817872654e3f6b56df6a3c2616a3b68f609f3
981|11|oki|euphonon|c72a9b6a0e491c4e3fef6395545aafa36350ce475f872c1c043b7047993abcb2
982|16|donsie|mongreldom|b318e7de149906e609b60f021f8a69a0266d02d2cf61c12d48ba1f41a9dea315
983|13|tweeny|stratic|29b8b59a3d93bbdb465ba5eb0a6119f2735a6cf082028e17deb9ba464fc1aeca
984|21|stempost|heptaspermous|60048178f9d832a487123457afbbe14882c1411a4205b2ecd60128e578bd58ab
985|20|sausinger|nonreaction|113127aae112128894acc9d40f819d2aff91789877afb7f3c370ae8343664ee4
986|15|tychite|teleview|421e0a2371282efca8e4d42546319eefe27919759483bfc13ddde6582a55e3d8
987|22|logistical|mesarteritic|56c512869b601d2ef2fd1783dd5040fd8a1079112dbaa7130b1b8298aaa8ade9
988|27|translationally|Mastigophora|6c760f984aa795fa7317696d6d53eff341801a3e0e7a764d8b3c09d17d159a73
989|18|seventhly|cartelize|b1ce20c5d49b5d221bbf48d35b7fe81f6bff2e0fe2736c2b0f1c3539dbe10cb3
990|22|osteosynthesis|prosaism|bf712ae9a68e2a75b5642d7967b294f0fa439f629258af5012551cdbd3d84cf5
991|17|sodaless|epilogist|80523afc2784e5849e07f7a7f5b89889025432e94ea9a84643a7bc41b123f703
992|20|muletress|autopelagic|53840be9511022a137b7a2c66a4a8c9d1a395dadb50936621a0bf00f9be840c1
993|26|ingratiatingly|Cutleriaceae|6e26c7cb833554a2f139e81f037367498543fa945aaa8af77a168e7687ff1114
994|27|citizeness|doubleheartedness|7d81896b8f229ac95698fb0908bca88982a8bf5b13fddfd284bfb7b01ba3971c
995|22|coccogone|blastomycotic|8f0e79c6ee0349b8afad7cf7d95bf7544444c0fb57f257b3583ba1d8a68c09d5
996|18|rhyptic|weakishness|30ffac2eb243f04566dc7f9ba4acbedfe0fdfb1f892d0f46b286fb4fc70cef7e
997|21|benchlet|suggestedness|14118a5c21eb6c8eff7b3eb6daa622a85f0083b4222d647b91c84fb3ae64bf04
998|23|meteorologist|politicist|212515987d718ede7d6394accba098b2f1ff7765e2854da5874259da5bbd9891
999|12|drawee|glaver|099e6e723c4e7b08f26bdf25c5fe32e5b62fb85fc80f23260641311bb38ac6f1
