sequence|data
0|pavonian
1|befame
2|conveth
3|angiemphraxis
4|piperidine
5|attachedly
6|tailoress
7|sinistrocerebral
8|puerer
9|stakerope
10|fallibly
11|ethylene
12|prelectress
13|Pycnodonti
14|triazole
15|pyrophone
16|rheebok
17|pokeberry
18|perkin
19|abloom
20|unasserted
21|autogenously
22|semidead
23|Pseudotetramera
24|sextula
25|cholelithotomy
26|Tory
27|pandemoniac
28|linguistry
29|bleating
30|pascuous
31|pentapterous
32|Uranian
33|Barundi
34|Monticuliporidae
35|apprehensiveness
36|beldamship
37|astrophyllite
38|tripointed
39|spoilt
40|hilum
41|caramelize
42|misprovidence
43|splenauxe
44|Socinianism
45|commonplace
46|windpipe
47|almagra
48|adenomyoma
49|pellucid
50|stridulation
51|unimprovement
52|unpursued
53|rebind
54|semicubical
55|monographer
56|Claviceps
57|blazoning
58|unbedaggled
59|insectifuge
60|acocotl
61|mniaceous
62|barcarole
63|woodenness
64|xyloma
65|rill
66|monobase
67|Mishnaic
68|totterish
69|broomweed
70|angleberry
71|hyporadiolus
72|diphenyl
73|danicism
74|perigynous
75|peat
76|meditatively
77|laborite
78|Aldus
79|oleomargarine
80|univocally
81|rais
82|Tryparsamide
83|noncomplaisance
84|coontail
85|chapleted
86|landwrack
87|tetradecane
88|hanger
89|mandilion
90|swayless
91|flasher
92|tapirine
93|histotrophy
94|yourn
95|ciderist
96|tearthroat
97|heterostylous
98|prototherian
99|hypobulia
100|parabasis
101|sluggard
102|pharyngobranch
103|steganophthalmate
104|candier
105|sallenders
106|Stedman
107|resorb
108|outdrink
109|intraschool
110|hexakisoctahedron
111|pedodontist
112|monomaniacal
113|overentreat
114|corrigibility
115|trihedral
116|Ammonitish
117|basiotribe
118|supernation
119|laudation
120|encephaloma
121|capillose
122|subaltern
123|Ephedraceae
124|plasmatorrhexis
125|abstruse
126|dermis
127|olivile
128|nonphilosophical
129|charitable
130|untrickable
131|manteline
132|Rong
133|oversure
134|unmounded
135|antonomastically
136|unfrizzy
137|mayor
138|Siphoniata
139|winterliness
140|chondrarsenite
141|ungagged
142|gingival
143|reinvade
144|cheeriness
145|Maylike
146|odiometer
147|cockish
148|caama
149|ehuawa
150|entocranial
151|propellent
152|rushing
153|unintelligently
154|yirn
155|mythoclast
156|redowa
157|tricky
158|steeplebush
159|otophone
160|unphenomenal
161|brucine
162|palch
163|Madrilene
164|strenuosity
165|asseverative
166|anticatalyst
167|Canariote
168|semibejan
169|bucca
170|yate
171|hemolytic
172|uncombined
173|physicotherapy
174|sexennium
175|fonticulus
176|unhopedly
177|picrite
178|sirloiny
179|lernaeoid
180|whistler
181|Bisharin
182|overdelightedly
183|unrevetted
184|bladesmith
185|staccato
186|contagiousness
187|unbailed
188|Scriptured
189|Terrapene
190|irenically
191|hazardry
192|unsubscribing
193|squallish
194|punger
195|tweesh
196|thiamide
197|undrivable
198|anticlerical
199|solsticion
200|tillotter
201|antipatriotic
202|disobligingly
203|policizer
204|agaricine
205|conductility
206|embolic
207|mends
208|worshipfully
209|allochiral
210|dishful
211|padder
212|stauromedusan
213|uncessant
214|superfix
215|babery
216|maziness
217|shutoff
218|pneumoconiosis
219|plumbless
220|alfaqui
221|unstatutably
222|horrorish
223|iambi
224|Cajanus
225|generalissima
226|splore
227|cleanse
228|newfanglement
229|sorrel
230|perceptibility
231|pantosophy
232|paraphrasable
233|interligamentary
234|laridine
235|Tetrastichus
236|reshoot
237|fathom
238|trephine
239|succumb
240|angor
241|contritely
242|mutability
243|clinology
244|aleberry
245|reedy
246|elvan
247|unspiritually
248|antiloemic
249|catapultic
250|macrurous
251|mimodrama
252|prealgebraic
253|riveter
254|harassable
255|stot
256|leadableness
257|fervanite
258|Sbaikian
259|paraphrasian
260|curdwort
261|ovicell
262|inferoanterior
263|inesite
264|unmasterful
265|medregal
266|underprompt
267|quadrifurcated
268|cosymmedian
269|comephorous
270|neuritic
271|sarcasticness
272|sessions
273|unspouted
274|Lobatae
275|strand
276|Hypodermella
277|leptophyllous
278|Donatist
279|twentymo
280|subacid
281|gonidioid
282|cothamore
283|evidencive
284|whencesoeer
285|ridicule
286|Azimech
287|biostatics
288|etymography
289|coactor
290|overrepletion
291|Psychean
292|hexylresorcinol
293|overbashfully
294|transplendency
295|antirachitically
296|impecunious
297|orological
298|pantostomate
299|underproduction
300|dandilly
301|flaxbush
302|policizer
303|Urticaceae
304|aileron
305|dermophobe
306|synosteology
307|unstraightforward
308|barrel
309|bookishness
310|hagi
311|osteoclastic
312|calycophoran
313|coterie
314|demigauntlet
315|circumambience
316|streakiness
317|predetermine
318|cystophore
319|communicatively
320|methacrylate
321|protohuman
322|Thiobacteriales
323|contentment
324|catawamptiously
325|foresinger
326|paparchy
327|overmasterfulness
328|nipplewort
329|androlepsia
330|untravelable
331|putschist
332|berapt
333|polytheistically
334|malediction
335|norelin
336|bac
337|unreviewed
338|monocardian
339|Neogene
340|crackerberry
341|peccation
342|prolusionize
343|isepiptesial
344|beltman
345|isocheimenal
346|uniungulate
347|ostreicultural
348|unexecutable
349|ventricornual
350|uncart
351|tetracerous
352|watchable
353|devillike
354|Amritsar
355|Hungarian
356|Symplocos
357|Chamoisette
358|decrew
359|nephelometrical
360|coatie
361|dunal
362|reflectivity
363|planisphere
364|bigmouth
365|waterwood
366|wean
367|Cameronian
368|xylophage
369|chorographically
370|psychoid
371|chenopod
372|cosmetical
373|caseless
374|coxopodite
375|columniform
376|whetstone
377|grievedly
378|Xylina
379|thermoanalgesia
380|nosographic
381|flipe
382|cordate
383|uplook
384|spankingly
385|semiformed
386|telophase
387|amphiprotic
388|cymbalo
389|throucht
390|unburthen
391|alabamine
392|spaer
393|rain
394|adsessor
395|lentisk
396|uncalmed
397|Homalonotus
398|petrol
399|nodder
400|scomberoid
401|seastrand
402|meropodite
403|cathedratica
404|kominuter
405|prefeudalic
406|alb
407|rumorous
408|ribonuclease
409|betusked
410|conduplication
411|salutiferous
412|Hondurian
413|hatchetman
414|cloakwise
415|rombos
416|postolivary
417|coforeknown
418|cicatrizant
419|unigenistic
420|sweetlike
421|brawnedness
422|uninterestingly
423|semitelic
424|charette
425|proselyte
426|arriba
427|procatarxis
428|zoophytoid
429|Scincidae
430|encashable
431|campaniliform
432|spattering
433|jabul
434|microphotoscope
435|unyoking
436|project
437|tariric
438|keeperless
439|spender
440|diplostemonous
441|allocute
442|Buddhahood
443|wideness
444|Netherlandish
445|monomial
446|lanthanum
447|gadwall
448|distributor
449|amphicrania
450|towai
451|choroid
452|problematist
453|siriasis
454|snakeless
455|bickerer
456|utriculoplastic
457|metromalacosis
458|civet
459|glissade
460|corpuscular
461|Sarcogyps
462|paraprostatitis
463|proethnically
464|Abraham
465|brain
466|creaseless
467|outpeople
468|skywriter
469|pedantically
470|lichenology
471|pricer
472|rentrant
473|glycosine
474|fibropolypus
475|nulliplex
476|Salopian
477|churchward
478|nonprescribed
479|interdestructive
480|Bahamian
481|rerent
482|encephalomalacosis
483|melopiano
484|cacosmia
485|dornock
486|angletwitch
487|ruach
488|epineolithic
489|melastomaceous
490|pinacocytal
491|unperceived
492|unprying
493|labyrinthibranch
494|piteously
495|plaidy
496|foredesign
497|nomenclative
498|unelaborateness
499|fibrocalcareous
500|reconciliate
501|antinomian
502|symphonic
503|rebottle
504|mix
505|Masdevallia
506|mauger
507|copaivic
508|bellyache
509|granophyric
510|coronetty
511|largish
512|shuttance
513|jogglety
514|anticlinal
515|yalla
516|transilience
517|analogically
518|dipeptide
519|cheliped
520|spookism
521|overfamous
522|misincline
523|freeboot
524|birdhood
525|vaugnerite
526|procollectivistic
527|subshire
528|liltingness
529|ailantery
530|Jerahmeelites
531|sclerodermous
532|splatterdock
533|untractability
534|telescope
535|undersomething
536|odontoclast
537|panicmonger
538|pleatless
539|polyemia
540|gaslock
541|meagre
542|tramper
543|colposcopy
544|unstayable
545|hypermorphism
546|omentectomy
547|Seneca
548|episodic
549|archidiaconate
550|Saharic
551|imaginableness
552|arbustum
553|derater
554|parietosphenoid
555|superresponsible
556|sawyer
557|enact
558|gekkonid
559|undaily
560|azotize
561|peppery
562|gaping
563|overjoyful
564|maxilloturbinal
565|fantasticism
566|vivipary
567|coccionella
568|proliferously
569|geomalic
570|corbie
571|Nicenist
572|supa
573|meekhearted
574|spermatogenous
575|sisterless
576|Tenrecidae
577|mesmerite
578|pinfall
579|unserried
580|baggie
581|Notacanthus
582|hybridation
583|muid
584|physicotheological
585|prekindle
586|plew
587|ort
588|Agelaius
589|woodsere
590|creamware
591|storiology
592|idiosyncrasy
593|Elopidae
594|skutterudite
595|Sillery
596|bankbook
597|honestly
598|overreligious
599|sepiostaire
600|thoroughgoingness
601|cankerous
602|precrystalline
603|precipitative
604|Stillwater
605|hemotropic
606|superfat
607|ope
608|unbondable
609|armed
610|merostome
611|idiobiology
612|prizeworthy
613|versatilely
614|nonelectrized
615|pawkily
616|unshameable
617|uniperiodic
618|Cistus
619|besmearer
620|Hydruntine
621|staunch
622|vinegarette
623|lagging
624|junglewards
625|unprofusely
626|unjocose
627|uniformed
628|trundling
629|outremer
630|misguiding
631|scimitared
632|premeditator
633|laniariform
634|evulsion
635|bladderweed
636|mythicism
637|prep
638|nurhag
639|belibel
640|medusoid
641|nonhumorous
642|telotrochous
643|laceless
644|Kinipetu
645|Manavendra
646|belatticed
647|sclerogenoid
648|Megapodidae
649|inferentially
650|undronelike
651|wheelhouse
652|Pisaca
653|sirdar
654|Valentinian
655|Malacanthus
656|retrocession
657|blarneyer
658|cancelable
659|sopranino
660|apodous
661|ridgebone
662|crinula
663|pseudomer
664|pistle
665|Timalia
666|Ukrainian
667|unlabiate
668|pitchy
669|racing
670|unconsequentially
671|separatist
672|indicia
673|ophthalmitis
674|fenite
675|jumper
676|exonerative
677|lactase
678|bugweed
679|kelt
680|pleuropericarditis
681|kiloton
682|rubato
683|owldom
684|nonsynonymous
685|organosol
686|amorphousness
687|ensnarement
688|Telfairia
689|tarflower
690|unprovisioned
691|ossuary
692|lammy
693|mohawkite
694|contributorial
695|peal
696|pilum
697|downily
698|sclerodermite
699|front
700|voluptuousness
701|impingence
702|disabuse
703|tristearin
704|dudman
705|Neritidae
706|progresser
707|morningly
708|mundic
709|involucriform
710|forearm
711|trapball
712|chemotherapist
713|unloathsome
714|miasmatology
715|Malacoscolicine
716|campody
717|superpraise
718|copter
719|hypogenesis
720|simulioid
721|unrapacious
722|shopboard
723|autonomist
724|diurne
725|gladhearted
726|venesia
727|consummation
728|sclerenchymatous
729|unveritable
730|merit
731|contamination
732|angaria
733|unboggy
734|ward
735|divisible
736|inclose
737|coralligenous
738|empathy
739|cyanophycin
740|guttular
741|noumenalize
742|bromate
743|gluteoperineal
744|contingence
745|institorian
746|wapatoo
747|wrocht
748|unvivified
749|peridotite
750|pycnogonidium
751|unvoluptuous
752|Arctogaea
753|thoracopagus
754|centrodorsally
755|screever
756|crimelessness
757|atune
758|untransforming
759|poetesque
760|spiritlessly
761|chasmogamic
762|mesoplanktonic
763|laceration
764|electrotherapist
765|antiliberal
766|ringlet
767|thiostannous
768|ceriferous
769|Cacan
770|parsable
771|immunogenic
772|Conchucu
773|impeccably
774|lug
775|caller
776|pincpinc
777|registral
778|optimistical
779|byssaceous
780|bridgemaker
781|raciness
782|restipulatory
783|bifer
784|Teresa
785|Midwesterner
786|intelligible
787|Cetus
788|postlike
789|Pygopodidae
790|recapturer
791|interbrachial
792|gradationately
793|prompter
794|trichoschisis
795|uninvoiced
796|choledocholithotripsy
797|decarburization
798|algraphic
799|moonfaced
800|nonaqueous
801|cerebromeningitis
802|outrun
803|saccus
804|pudibund
805|bettering
806|shotty
807|conflagration
808|Johannes
809|auklet
810|siphonia
811|tamandu
812|phagedenical
813|uprisen
814|labiopalatal
815|Bryanism
816|unto
817|synesis
818|tannaitic
819|proprovincial
820|translational
821|ultramulish
822|danaite
823|tringoid
824|rusticalness
825|hypothesize
826|Pentremites
827|shallowish
828|cyclonite
829|nonconfiscation
830|Sipunculida
831|emetology
832|tripelike
833|rheocrat
834|femininism
835|frontingly
836|authigene
837|clanjamfrey
838|hessonite
839|mullar
840|topognosia
841|uncraving
842|viniculturist
843|compliableness
844|bescour
845|nonsubstitution
846|unrelinquished
847|ejoo
848|winterish
849|infrugal
850|classman
851|negrohead
852|choledocholithotripsy
853|antacid
854|Choanoflagellidae
855|underfarmer
856|overexert
857|Greg
858|mappist
859|Len
860|planching
861|bullet
862|serum
863|repressible
864|primulic
865|stipulatory
866|prelatial
867|pipkinet
868|hypophysectomize
869|uninherited
870|boudoir
871|polo
872|gallowsmaker
873|caustically
874|undergrieve
875|showup
876|oxycaproic
877|Romulus
878|meteor
879|stech
880|counterindicate
881|lucy
882|conversantly
883|moonlighty
884|arseno
885|chiffonier
886|vaulty
887|outpage
888|strolld
889|ametabolia
890|fallaway
891|teleutospore
892|recreativeness
893|incalving
894|matchbox
895|thyreoadenitis
896|Nematelmia
897|aprickle
898|hilariously
899|geanticlinal
900|unrequired
901|enswathe
902|spalder
903|demountable
904|linhay
905|metrodynia
906|determiner
907|cholesterinemia
908|stancheled
909|entangled
910|anabasis
911|localize
912|terebratulid
913|tribofluorescence
914|hindcast
915|rougher
916|unconversableness
917|anthrathiophene
918|unembellished
919|unjoking
920|rein
921|beaked
922|Talaing
923|tubuli
924|Greta
925|impugnability
926|pupal
927|manifester
928|indefectibly
929|retrotympanic
930|unweeting
931|rheotrope
932|sperma
933|Dendrohyrax
934|Gymnodontes
935|plutean
936|fusil
937|pachyemia
938|apiin
939|lipogenic
940|interwhile
941|whitewasher
942|multitoned
943|lampadedromy
944|enshroud
945|picucule
946|Phragmites
947|synodalian
948|unquailingly
949|bobotie
950|unlauded
951|dreamworld
952|peahen
953|phonotype
954|calascione
955|pockily
956|coconsecrator
957|shearless
958|commissurotomy
959|Steatornis
960|vasemaker
961|ribbonry
962|kurrajong
963|shadowed
964|copiapite
965|upshear
966|Akhmimic
967|Lunda
968|Pedipalpi
969|outjuggle
970|entobronchium
971|auxiliar
972|hypotyposis
973|udomograph
974|usara
975|oafishness
976|gatewise
977|capitoulate
978|applicative
979|undue
980|unromanticalness
981|Oudemian
982|codding
983|rollerer
984|camshaft
985|cumbersomeness
986|vagus
987|roselike
988|leucocythemia
989|longhorn
990|unpeccable
991|verificatory
992|Lithuanian
993|almadie
994|coalescent
995|supersensualistic
996|squanderingly
997|clitter
998|diehard
999|endoscope
